0,1,2,3,4,5,6,7,8,9,10,11,12,13,14,15,16
1,dog,,,,,,,,,,,,,,,
2,model-and-actor,,,,,,,,,,,,,,,
8,body,seminude,,,,,,,,,,,,,,
10,body,body,bj,,,,,,,,,,,,,
13,withyou,dog,dog,person,,,,,,,,,,,,
14,body,,,,,,,,,,,,,,,
16,seminude,body,,,,,,,,,,,,,,
17,dog,dog,dog,person,,,,,,,,,,,,
19,model-and-actor,person,,,,,,,,,,,,,,
20,dog,,,,,,,,,,,,,,,
21,dog,dog,animalcompany,,,,,,,,,,,,,
22,person,body,,,,,,,,,,,,,,
25,body,,,,,,,,,,,,,,,
26,body,body,,,,,,,,,,,,,,
29,video-excercise,video-fashion,,,,,,,,,,,,,,
30,event,artwork-dark,artwork-creative-h-and-m,artwork-dark,evil-omen,artwork-dark,,,,,,,,,,
31,person,model-and-actor,person,body,bj,model-and-actor,,,,,,,,,,
33,model-and-actor,,,,,,,,,,,,,,,
35,body,,,,,,,,,,,,,,,
36,withyou,,,,,,,,,,,,,,,
37,body,body,,,,,,,,,,,,,,
40,kids,,,,,,,,,,,,,,,
41,body,body,artwork-dark,person,,,,,,,,,,,,
42,group,musician,musician,,,,,,,,,,,,,
43,body,,,,,,,,,,,,,,,
44,person,,,,,,,,,,,,,,,
50,lookbook,,,,,,,,,,,,,,,
51,seminude,,,,,,,,,,,,,,,
52,body,,,,,,,,,,,,,,,
53,artwork-creative-h-and-m,,,,,,,,,,,,,,,
56,lookbook,,,,,,,,,,,,,,,
57,person,,,,,,,,,,,,,,,
59,body,,,,,,,,,,,,,,,
60,musician,,,,,,,,,,,,,,,
61,body,,,,,,,,,,,,,,,
62,body,,,,,,,,,,,,,,,
63,seminude,,,,,,,,,,,,,,,
64,dog,,,,,,,,,,,,,,,
65,body,seminude,evil-omen,group,,,,,,,,,,,,
66,body,seminude,,,,,,,,,,,,,,
67,body,,,,,,,,,,,,,,,
68,body,,,,,,,,,,,,,,,
69,video-fashion,video-fashion,,,,,,,,,,,,,,
71,artwork-dark,,,,,,,,,,,,,,,
73,person,,,,,,,,,,,,,,,
74,body,,,,,,,,,,,,,,,
75,withyou,,,,,,,,,,,,,,,
76,artwork-creative-h-and-m,,,,,,,,,,,,,,,
78,person,zoo,,,,,,,,,,,,,,
79,group,kids,person,kids,seminude,4050,,,,,,,,,,
81,body,body,seminude,model-and-actor,seminude,,,,,,,,,,,
82,body,,,,,,,,,,,,,,,
83,bj,,,,,,,,,,,,,,,
84,ceo,,,,,,,,,,,,,,,
87,wedding,video-wedding,ceo,,,,,,,,,,,,,
88,body,ceo,product,,,,,,,,,,,,,
93,model-and-actor,,,,,,,,,,,,,,,
99,group,body,4050,model-and-actor,group,seminude,,,,,,,,,,
100,dog,,,,,,,,,,,,,,,
102,dog,,,,,,,,,,,,,,,
103,artwork-dark,wedding,video-excercise,video-club,video-fashion,video-music,video-club,video-excercise,video-entertainment,video-sketch,,,,,,
106,withyou,,,,,,,,,,,,,,,
107,model-and-actor,,,,,,,,,,,,,,,
108,withyou,,,,,,,,,,,,,,,
109,product,,,,,,,,,,,,,,,
110,product,,,,,,,,,,,,,,,
112,dog,dog,dog,withyou,,,,,,,,,,,,
116,body,,,,,,,,,,,,,,,
117,body,,,,,,,,,,,,,,,
118,body,,,,,,,,,,,,,,,
122,ceo,person,,,,,,,,,,,,,,
124,model-and-actor,,,,,,,,,,,,,,,
125,bj,group,product,model-and-actor,ceo,,,,,,,,,,,
126,body,,,,,,,,,,,,,,,
127,body,,,,,,,,,,,,,,,
128,seminude,seminude,ceo,,,,,,,,,,,,,
132,lookbook,ceo,seminude,person,bj,person,group,location,seminude,body,couple,kids,4050,artwork-creative-h-and-m,artwork-creative-h-and-m,musician
134,dog,,,,,,,,,,,,,,,
135,wedding,,,,,,,,,,,,,,,
139,body,,,,,,,,,,,,,,,
141,body,,,,,,,,,,,,,,,
142,model-and-actor,,,,,,,,,,,,,,,
144,seminude,body,artwork-dark,person,body,,,,,,,,,,,
146,model-and-actor,ceo,person,,,,,,,,,,,,,
149,kids,,,,,,,,,,,,,,,
153,video-wedding,video-fashion,video-music,video-excercise,video-club,video-sketch,video-sketch,video-excercise,video-wedding,video-entertainment,,,,,,
157,couple,,,,,,,,,,,,,,,
159,zoo,zoo,zoo,landscape,zoo,club,,,,,,,,,,
160,product,,,,,,,,,,,,,,,
161,video-club,video-sketch,video-entertainment,video-fashion,video-excercise,,,,,,,,,,,
164,withyou,dog,,,,,,,,,,,,,,
165,video-music,video-music,,,,,,,,,,,,,,
167,body,,,,,,,,,,,,,,,
168,body,,,,,,,,,,,,,,,
169,person,,,,,,,,,,,,,,,
170,body,,,,,,,,,,,,,,,
171,body,,,,,,,,,,,,,,,
174,withyou,dog,withyou,dog,,,,,,,,,,,,
175,artwork-dark,evil-omen,portrait-strong,good-omen,artwork-creative-h-and-m,,,,,,,,,,,
177,person,product,,,,,,,,,,,,,,
178,body,,,,,,,,,,,,,,,
179,body,body,artwork-dark,,,,,,,,,,,,,
180,body,,,,,,,,,,,,,,,
181,location,,,,,,,,,,,,,,,
182,ceo,,,,,,,,,,,,,,,
183,body,,,,,,,,,,,,,,,
184,body,,,,,,,,,,,,,,,
185,person,,,,,,,,,,,,,,,
186,body,,,,,,,,,,,,,,,
187,body,dog,food,portrait-strong,,,,,,,,,,,,
188,lookbook,,,,,,,,,,,,,,,
191,animalcompany,dog,animalcompany,,,,,,,,,,,,,
192,body,,,,,,,,,,,,,,,
200,person,,,,,,,,,,,,,,,
201,person,model-and-actor,body,dog,model-and-actor,person,musician,,,,,,,,,
202,model-and-actor,model-and-actor,person,,,,,,,,,,,,,
207,body,,,,,,,,,,,,,,,
209,body,body,,,,,,,,,,,,,,
210,street,body,landscape,lookbook,food,uniform,product,,,,,,,,,
211,dog,,,,,,,,,,,,,,,
213,body,,,,,,,,,,,,,,,
214,body,,,,,,,,,,,,,,,
215,lookbook,,,,,,,,,,,,,,,
216,body,,,,,,,,,,,,,,,
218,body,,,,,,,,,,,,,,,
219,dog,dog,,,,,,,,,,,,,,
220,lookbook,,,,,,,,,,,,,,,
221,lookbook,,,,,,,,,,,,,,,
225,video-fashion,,,,,,,,,,,,,,,
229,body,body,kids,body,seminude,,,,,,,,,,,
231,model-and-actor,,,,,,,,,,,,,,,
232,body,,,,,,,,,,,,,,,
233,dog,,,,,,,,,,,,,,,
234,dog,,,,,,,,,,,,,,,
237,seminude,,,,,,,,,,,,,,,
238,body,,,,,,,,,,,,,,,
239,evil-omen,artwork-dark,wedding,,,,,,,,,,,,,
241,seminude,body,person,,,,,,,,,,,,,
245,person,body,4050,,,,,,,,,,,,,
246,dog,,,,,,,,,,,,,,,
250,body,,,,,,,,,,,,,,,
253,bj,model-and-actor,seminude,lookbook,body,seminude,,,,,,,,,,
255,lookbook,,,,,,,,,,,,,,,
256,model-and-actor,model-and-actor,,,,,,,,,,,,,,
257,model-and-actor,,,,,,,,,,,,,,,
258,body,,,,,,,,,,,,,,,
259,body,body,person,,,,,,,,,,,,,
260,person,dog,,,,,,,,,,,,,,
261,withyou,dog,,,,,,,,,,,,,,
262,person,panorama,video-club,group,cat,,,,,,,,,,,
263,panorama,panorama,,,,,,,,,,,,,,
265,dog,,,,,,,,,,,,,,,
266,animalcompany,dog,,,,,,,,,,,,,,
269,body,,,,,,,,,,,,,,,
272,model-and-actor,,,,,,,,,,,,,,,
274,dog,dog,withyou,,,,,,,,,,,,,
275,dog,dog,withyou,,,,,,,,,,,,,
276,dog,,,,,,,,,,,,,,,
277,panorama,,,,,,,,,,,,,,,
279,artwork-creative-h-and-m,wedding,person,musician,evil-omen,artwork-dark,,,,,,,,,,
280,dog,dog,,,,,,,,,,,,,,
281,model-and-actor,,,,,,,,,,,,,,,
282,panorama,tour,lookbook,,,,,,,,,,,,,
283,dog,,,,,,,,,,,,,,,
284,dog,,,,,,,,,,,,,,,
285,withyou,dog,withyou,person,dog,,,,,,,,,,,
286,dog,,,,,,,,,,,,,,,
287,dog,,,,,,,,,,,,,,,
288,artwork-dark,artwork-dark,,,,,,,,,,,,,,
289,dog,,,,,,,,,,,,,,,
291,body,dog,animalcompany,dog,body,person,,,,,,,,,,
292,dog,,,,,,,,,,,,,,,
293,dog,,,,,,,,,,,,,,,
294,dog,,,,,,,,,,,,,,,
295,dog,dog,,,,,,,,,,,,,,
296,person,dog,withyou,,,,,,,,,,,,,
297,dog,,,,,,,,,,,,,,,
299,dog,,,,,,,,,,,,,,,
300,dog,,,,,,,,,,,,,,,
301,dog,,,,,,,,,,,,,,,
302,dog,,,,,,,,,,,,,,,
303,dog,,,,,,,,,,,,,,,
304,dog,,,,,,,,,,,,,,,
305,dog,,,,,,,,,,,,,,,
306,dog,,,,,,,,,,,,,,,
307,dog,,,,,,,,,,,,,,,
310,dog,,,,,,,,,,,,,,,
312,dog,,,,,,,,,,,,,,,
313,dog,,,,,,,,,,,,,,,
316,person,,,,,,,,,,,,,,,
317,body,,,,,,,,,,,,,,,
319,ceo,,,,,,,,,,,,,,,
322,kids,,,,,,,,,,,,,,,
323,body,model-and-actor,,,,,,,,,,,,,,
326,good-omen,panorama,portrait-strong,artwork-creative-h-and-m,artwork-dark,artwork-dark,artwork-creative-h-and-m,evil-omen,portrait-strong,,,,,,,
327,kids,seminude,body,kids,4050,ceo,4050,,,,,,,,,
328,person,model-and-actor,person,bj,,,,,,,,,,,,
329,body,seminude,dog,,,,,,,,,,,,,
330,body,,,,,,,,,,,,,,,
332,body,,,,,,,,,,,,,,,
333,kids,,,,,,,,,,,,,,,
335,location,body,lookbook,model-and-actor,seminude,body,bj,,,,,,,,,
336,musician,model-and-actor,model-and-actor,bj,body,video-fashion,model-and-actor,person,,,,,,,,
338,body,,,,,,,,,,,,,,,
339,video-sketch,video-fashion,product,video-entertainment,artwork-dark,person,bj,,,,,,,,,
340,kids,kids,,,,,,,,,,,,,,
341,body,,,,,,,,,,,,,,,
342,model-and-actor,body,seminude,body,,,,,,,,,,,,
344,body,,,,,,,,,,,,,,,
348,dog,dog,,,,,,,,,,,,,,
350,artwork-creative-h-and-m,,,,,,,,,,,,,,,
351,ceo,,,,,,,,,,,,,,,
352,seminude,body,person,,,,,,,,,,,,,
354,dog,,,,,,,,,,,,,,,
358,dog,,,,,,,,,,,,,,,
360,video-wedding,,,,,,,,,,,,,,,
362,musician,kids,ceo,4050,seminude,person,,,,,,,,,,
364,dog,group,,,,,,,,,,,,,,
365,seminude,body,,,,,,,,,,,,,,
366,body,,,,,,,,,,,,,,,
369,person,,,,,,,,,,,,,,,
370,model-and-actor,body,,,,,,,,,,,,,,
371,uniform,,,,,,,,,,,,,,,
372,body,body,seminude,,,,,,,,,,,,,
373,body,body,,,,,,,,,,,,,,
374,cat,dog,,,,,,,,,,,,,,
375,ceo,,,,,,,,,,,,,,,
378,uniform,,,,,,,,,,,,,,,
379,seminude,body,,,,,,,,,,,,,,
382,withyou,product,,,,,,,,,,,,,,
383,withyou,person,dog,,,,,,,,,,,,,
384,model-and-actor,,,,,,,,,,,,,,,
385,zoo,,,,,,,,,,,,,,,
386,dog,model-and-actor,dog,product,withyou,,,,,,,,,,,
388,animalcompany,dog,dog,withyou,,,,,,,,,,,,
389,body,,,,,,,,,,,,,,,
393,uniform,,,,,,,,,,,,,,,
395,body,body,seminude,,,,,,,,,,,,,
396,model-and-actor,,,,,,,,,,,,,,,
397,body,,,,,,,,,,,,,,,
398,lookbook,lookbook,uniform,landscape,uniform,seminude,uniform,musician,model-and-actor,wedding,wedding,,,,,
399,lookbook,,,,,,,,,,,,,,,
400,dog,,,,,,,,,,,,,,,
403,withyou,dog,cat,,,,,,,,,,,,,
404,body,,,,,,,,,,,,,,,
407,body,model-and-actor,,,,,,,,,,,,,,
408,lookbook,,,,,,,,,,,,,,,
409,model-and-actor,body,person,model-and-actor,,,,,,,,,,,,
410,model-and-actor,body,,,,,,,,,,,,,,
411,uniform,,,,,,,,,,,,,,,
412,kids,,,,,,,,,,,,,,,
413,seminude,body,,,,,,,,,,,,,,
414,group,body,seminude,,,,,,,,,,,,,
415,seminude,body,,,,,,,,,,,,,,
417,body,body,seminude,body,person,,,,,,,,,,,
418,video-club,,,,,,,,,,,,,,,
421,body,,,,,,,,,,,,,,,
422,person,body,,,,,,,,,,,,,,
424,body,product,panorama,lookbook,product,seminude,,,,,,,,,,
425,4050,person,body,person,seminude,4050,model-and-actor,,,,,,,,,
427,body,body,,,,,,,,,,,,,,
428,lookbook,,,,,,,,,,,,,,,
429,dog,,,,,,,,,,,,,,,
432,bj,ceo,4050,model-and-actor,seminude,,,,,,,,,,,
433,body,body,person,,,,,,,,,,,,,
436,body,,,,,,,,,,,,,,,
438,musician,model-and-actor,,,,,,,,,,,,,,
439,dog,model-and-actor,body,musician,model-and-actor,,,,,,,,,,,
440,body,,,,,,,,,,,,,,,
441,body,,,,,,,,,,,,,,,
443,product,,,,,,,,,,,,,,,
444,body,,,,,,,,,,,,,,,
445,lookbook,video-fashion,,,,,,,,,,,,,,
447,dog,dog,animalcompany,,,,,,,,,,,,,
449,cat,dog,,,,,,,,,,,,,,
452,body,,,,,,,,,,,,,,,
453,cat,dog,,,,,,,,,,,,,,
454,body,,,,,,,,,,,,,,,
455,artwork-creative-h-and-m,body,seminude,lookbook,,,,,,,,,,,,
456,artwork-creative-h-and-m,artwork-creative-h-and-m,,,,,,,,,,,,,,
459,musician,,,,,,,,,,,,,,,
460,seminude,body,,,,,,,,,,,,,,
461,seminude,,,,,,,,,,,,,,,
462,model-and-actor,,,,,,,,,,,,,,,
464,body,,,,,,,,,,,,,,,
465,model-and-actor,,,,,,,,,,,,,,,
466,dog,,,,,,,,,,,,,,,
467,body,,,,,,,,,,,,,,,
469,dog,,,,,,,,,,,,,,,
471,ceo,,,,,,,,,,,,,,,
472,product,lookbook,,,,,,,,,,,,,,
473,seminude,body,person,,,,,,,,,,,,,
475,body,,,,,,,,,,,,,,,
476,seminude,body,,,,,,,,,,,,,,
477,model-and-actor,model-and-actor,seminude,,,,,,,,,,,,,
478,dog,,,,,,,,,,,,,,,
479,artwork-dark,dog,uniform,,,,,,,,,,,,,
480,dog,,,,,,,,,,,,,,,
482,seminude,,,,,,,,,,,,,,,
483,model-and-actor,,,,,,,,,,,,,,,
484,body,,,,,,,,,,,,,,,
485,seminude,body,,,,,,,,,,,,,,
486,body,body,seminude,,,,,,,,,,,,,
487,withyou,dog,cat,animalcompany,,,,,,,,,,,,
488,kids,,,,,,,,,,,,,,,
491,model-and-actor,,,,,,,,,,,,,,,
492,uniform,,,,,,,,,,,,,,,
493,dog,,,,,,,,,,,,,,,
494,lookbook,,,,,,,,,,,,,,,
495,body,,,,,,,,,,,,,,,
496,body,,,,,,,,,,,,,,,
497,body,,,,,,,,,,,,,,,
498,body,,,,,,,,,,,,,,,
499,body,,,,,,,,,,,,,,,
500,body,person,seminude,body,bj,model-and-actor,,,,,,,,,,
501,dog,,,,,,,,,,,,,,,
504,person,,,,,,,,,,,,,,,
505,person,,,,,,,,,,,,,,,
509,video-club,video-fashion,video-sketch,video-entertainment,,,,,,,,,,,,
510,body,seminude,,,,,,,,,,,,,,
511,seminude,seminude,body,,,,,,,,,,,,,
512,dog,,,,,,,,,,,,,,,
513,seminude,body,body,,,,,,,,,,,,,
516,lookbook,product,model-and-actor,,,,,,,,,,,,,
517,bj,body,4050,person,body,group,person,couple,,,,,,,,
518,body,,,,,,,,,,,,,,,
519,fashionshow,model-and-actor,street,,,,,,,,,,,,,
521,seminude,person,body,model-and-actor,person,model-and-actor,body,seminude,person,body,,,,,,
522,body,,,,,,,,,,,,,,,
523,person,dog,animalcompany,dog,,,,,,,,,,,,
524,video-fashion,,,,,,,,,,,,,,,
526,person,body,body,model-and-actor,seminude,body,lookbook,,,,,,,,,
527,model-and-actor,body,,,,,,,,,,,,,,
529,model-and-actor,,,,,,,,,,,,,,,
533,dog,,,,,,,,,,,,,,,
534,withyou,dog,,,,,,,,,,,,,,
535,dog,,,,,,,,,,,,,,,
539,couple,dog,withyou,,,,,,,,,,,,,
542,body,body,uniform,lookbook,seminude,model-and-actor,,,,,,,,,,
543,model-and-actor,bj,seminude,seminude,bj,model-and-actor,person,model-and-actor,seminude,bj,,,,,,
545,lookbook,,,,,,,,,,,,,,,
546,dog,,,,,,,,,,,,,,,
550,person,model-and-actor,bj,model-and-actor,,,,,,,,,,,,
552,evil-omen,lookbook,body,seminude,animalcompany,video-fashion,good-omen,portrait-strong,good-omen,video-sketch,video-music,video-excercise,video-club,artwork-dark,artwork-creative-h-and-m,
553,body,,,,,,,,,,,,,,,
554,dog,dog,withyou,,,,,,,,,,,,,
556,dog,person,artwork-dark,body,seminude,model-and-actor,,,,,,,,,,
557,landscape,,,,,,,,,,,,,,,
560,dog,,,,,,,,,,,,,,,
562,body,,,,,,,,,,,,,,,
563,model-and-actor,,,,,,,,,,,,,,,
564,body,,,,,,,,,,,,,,,
565,dog,,,,,,,,,,,,,,,
566,dog,,,,,,,,,,,,,,,
571,product,lookbook,artwork-dark,evil-omen,panorama,,,,,,,,,,,
572,video-excercise,,,,,,,,,,,,,,,
573,video-excercise,,,,,,,,,,,,,,,
574,person,lookbook,seminude,artwork-creative-h-and-m,evil-omen,person,body,4050,model-and-actor,bj,location,group,,,,
576,model-and-actor,,,,,,,,,,,,,,,
578,ceo,,,,,,,,,,,,,,,
579,ceo,dog,wedding,first-birthday,couple,tour,kids,cat,,,,,,,,
581,body,,,,,,,,,,,,,,,
583,kids,,,,,,,,,,,,,,,
584,video-excercise,,,,,,,,,,,,,,,
587,body,seminude,,,,,,,,,,,,,,
589,person,,,,,,,,,,,,,,,
590,model-and-actor,,,,,,,,,,,,,,,
591,video-wedding,lookbook,video-sketch,video-entertainment,person,bj,wedding,couple,tour,first-birthday,video-sketch,video-club,,,,
594,ceo,body,bj,musician,seminude,person,body,person,model-and-actor,,,,,,,
595,model-and-actor,,,,,,,,,,,,,,,
598,ceo,body,seminude,model-and-actor,ceo,bj,,,,,,,,,,
599,cat,dog,,,,,,,,,,,,,,
600,body,body,seminude,,,,,,,,,,,,,
601,body,,,,,,,,,,,,,,,
602,model-and-actor,,,,,,,,,,,,,,,
603,body,,,,,,,,,,,,,,,
604,body,,,,,,,,,,,,,,,
605,model-and-actor,,,,,,,,,,,,,,,
607,body,,,,,,,,,,,,,,,
608,animalcompany,dog,person,product,zoo,food,street,food,dog,,,,,,,
609,model-and-actor,model-and-actor,person,,,,,,,,,,,,,
611,ceo,person,location,,,,,,,,,,,,,
613,good-omen,artwork-dark,artwork-creative-h-and-m,evil-omen,portrait-strong,,,,,,,,,,,
617,musician,model-and-actor,ceo,person,model-and-actor,musician,ceo,body,,,,,,,,
618,ceo,uniform,lookbook,product,kids,,,,,,,,,,,
620,body,,,,,,,,,,,,,,,
621,bj,body,person,body,model-and-actor,musician,body,seminude,,,,,,,,
622,uniform,lookbook,uniform,,,,,,,,,,,,,
631,body,,,,,,,,,,,,,,,
633,bj,,,,,,,,,,,,,,,
637,person,,,,,,,,,,,,,,,
638,street,,,,,,,,,,,,,,,
641,model-and-actor,,,,,,,,,,,,,,,
646,body,,,,,,,,,,,,,,,
647,lookbook,,,,,,,,,,,,,,,
649,model-and-actor,,,,,,,,,,,,,,,
650,body,,,,,,,,,,,,,,,
