user_Name,category,stayTime
X3pkjMFQYbdCNx9045PnrgAAAAA,street,3613
X3pKwlV@fj-rS1vcLpjgAwAAAAc,body,14
X3o7ihc9rgKzJ5DKS7HQ6gAAAAk,dog,44
X3nd7idsn8zrs-cgBFqVOQAAAAE,body,53
X3m7@8-Y2m1wV6AeyZqHwAAAAAA,body,20
X3mWNaZuPf0KbcBlUvQiGgAAAAE,body,7
X3mWHpC7Bg6DqprcjoRIWQAAAAA,landscape,2522
X3lEZUIGjuz-anSdGDiiZQAAAAQ,zoo,4
X3lEZUIGjuz-anSdGDiiZQAAAAQ,zoo,75
X3koSJtN00BSxLIAkaTjRQAAAAU,body,13
X3koSJtN00BSxLIAkaTjRQAAAAU,body,7
X3koSJtN00BSxLIAkaTjRQAAAAU,body,8
X3koSJtN00BSxLIAkaTjRQAAAAU,body,21
X3iIXMGNIJRw@byMlB5ouQAAAAk,lookbook,2
X3iBUrYvueNszu97VGE89wAAAAU,lookbook,581
X3hmMXy0SC4@QxczbUYUDwAAAAU,bj,14
X3hmMXy0SC4@QxczbUYUDwAAAAU,kids,26
X3hmMXy0SC4@QxczbUYUDwAAAAU,model-and-actor,19
X3hmMXy0SC4@QxczbUYUDwAAAAU,4050,2
X3hmMXy0SC4@QxczbUYUDwAAAAU,kids,14
X3hmMXy0SC4@QxczbUYUDwAAAAU,seminude,9
X3hmMXy0SC4@QxczbUYUDwAAAAU,body,25
X3hmMXy0SC4@QxczbUYUDwAAAAU,seminude,14
X3hmMXy0SC4@QxczbUYUDwAAAAU,kids,2
X3hmMXy0SC4@QxczbUYUDwAAAAU,ceo,9
X3hjLZLw6Ra1TDrcHcDFiQAAAAA,ceo,5
X3hjLZLw6Ra1TDrcHcDFiQAAAAA,body,72
X3hjLZLw6Ra1TDrcHcDFiQAAAAA,person,14
X3hjLZLw6Ra1TDrcHcDFiQAAAAA,seminude,14
X3hjLZLw6Ra1TDrcHcDFiQAAAAA,model-and-actor,18
X3himxo8zU-B7ypKUOJK@AAAAAA,body,32
X3ANjJl1nl5vh6MWuF@xHAAAAAA,cat,8
X08749bX3pGpllTnHS2HggAAAAM,seminude,13
X08749bX3pGpllTnHS2HggAAAAM,body,3
X08749bX3pGpllTnHS2HggAAAAM,seminude,18
X3dGaAAZqEitwJIffoNq5QAAAAQ,body,20
X3dGaAAZqEitwJIffoNq5QAAAAQ,body,5
X3cCRcl-Y0lZkU9qOCH8uwAAAAE,seminude,6
X3btO8eji4pMTPI0MMmPCwAAAAQ,body,19
X3bjoC14FBGdzdzV-mo2-wAAAAI,seminude,6
X3bjoC14FBGdzdzV-mo2-wAAAAI,body,31
X3bjoC14FBGdzdzV-mo2-wAAAAI,body,36
X3bjoC14FBGdzdzV-mo2-wAAAAI,seminude,18
X3bjoC14FBGdzdzV-mo2-wAAAAI,group,27
X3bjoC14FBGdzdzV-mo2-wAAAAI,person,50
X3bWET931CX5l82hNiYFxwAAAAE,evil-omen,5
X3ZbDut-GWy2@bJnyX2CqQAAAAQ,dog,9
X3ZbDut-GWy2@bJnyX2CqQAAAAQ,dog,6
X3ZbDut-GWy2@bJnyX2CqQAAAAQ,cat,50
X3Yb0@AWG13aUpjkhikqnQAAAAc,body,1987
X3Yb0@AWG13aUpjkhikqnQAAAAc,model-and-actor,13
X0zz9S4MK3Kh1b-2uaUKQgAAAAI,body,686
X0zz9S4MK3Kh1b-2uaUKQgAAAAI,seminude,14
X3CSj6YgO1sopKNL8hDKtAAAAAM,body,43
X3X952AVQYBLnydV3MjZGgAAAAE,kids,14
X3X952AVQYBLnydV3MjZGgAAAAE,kids,31
X3X3nGdjJMPZJPK0hxJH2gAAAAE,model-and-actor,8
X3XzV6yWX6E47WfOtp@ZKwAAAAY,group,50
X3XzV6yWX6E47WfOtp@ZKwAAAAY,location,14
X3XnHwJge9PHPFX@rh1PPQAAAAE,model-and-actor,18
X3XnHwJge9PHPFX@rh1PPQAAAAE,person,25
X3Xj9SCL8cuUtEfhlFMKzQAAAAA,body,1
X3Xj9SCL8cuUtEfhlFMKzQAAAAA,body,13
X3Xj9SCL8cuUtEfhlFMKzQAAAAA,seminude,8
X3Xd055P1uSvsYhNclEbgwAAAAc,body,26
X3Xd055P1uSvsYhNclEbgwAAAAc,body,14
X3Xd055P1uSvsYhNclEbgwAAAAc,seminude,13
X3XasUbXW1AbbyePlmhWiAAAAAM,bj,13
X3XasUbXW1AbbyePlmhWiAAAAAM,person,14
X3XasUbXW1AbbyePlmhWiAAAAAM,bj,13
X3XasUbXW1AbbyePlmhWiAAAAAM,model-and-actor,14
X3XX-JknxBWAGdxCreoCNQAAAAM,musician,26
X3WSvLKB7iBj7wc@XrFbgQAAAAY,person,8
X3VdSO9komAmbXiv9jxMZgAAAAU,body,9
X3VdSO9komAmbXiv9jxMZgAAAAU,model-and-actor,43
X3VdSO9komAmbXiv9jxMZgAAAAU,body,41
X3VdSO9komAmbXiv9jxMZgAAAAU,seminude,15
X3VdSO9komAmbXiv9jxMZgAAAAU,location,13
X3StWtdzg3UTSpK0eZ7mTwAAAAA,lookbook,33
X3StWtdzg3UTSpK0eZ7mTwAAAAA,body,51
X3StWtdzg3UTSpK0eZ7mTwAAAAA,seminude,32
X3StWtdzg3UTSpK0eZ7mTwAAAAA,body,8
X3StWtdzg3UTSpK0eZ7mTwAAAAA,artwork-creative-h-and-m,25
X3StWtdzg3UTSpK0eZ7mTwAAAAA,bj,19
X3StWtdzg3UTSpK0eZ7mTwAAAAA,couple,14
X3Sq645Nfq9JD0tFtl8A5gAAAAE,video-fashion,14
X3Sq645Nfq9JD0tFtl8A5gAAAAE,video-fashion,14
X3Sq645Nfq9JD0tFtl8A5gAAAAE,lookbook,19
X3Slfz0bk3qDNLtvKfFrpgAAAAA,dog,25
X3SUL1EoLEchbIZwNj1rUwAAAAY,ceo,3
X3SCvsdBc35YYuz4D9jAQQAAAAE,dog,1
X3SCvsdBc35YYuz4D9jAQQAAAAE,dog,6
X3SCvsdBc35YYuz4D9jAQQAAAAE,dog,33
X3SCvsdBc35YYuz4D9jAQQAAAAE,withyou,33
X3SCvsdBc35YYuz4D9jAQQAAAAE,zoo,19
X3SCvsdBc35YYuz4D9jAQQAAAAE,zoo,1
X3RxXXfpwb7QrwRVbBPTjAAAAAA,lookbook,61
X3RxXXfpwb7QrwRVbBPTjAAAAAA,video-wedding,162
X3RxXXfpwb7QrwRVbBPTjAAAAAA,panorama,18
X3RuRSMWv-KBipt@mxt-DgAAAAY,video-music,8
X3RqH8P6qtOGrDfRqGqN-QAAAAU,body,50
X3RcAj6zQw9jnMx9RSGc7gAAAAU,model-and-actor,26
X3RUlivO80KrqoH68@IlgwAAAAM,animalcompany,19
X3RUlivO80KrqoH68@IlgwAAAAM,withyou,26
X3RUlivO80KrqoH68@IlgwAAAAM,person,32
X3RGIIoGlFphBAw6HIHqywAAAAE,seminude,73
X3Qsa2Dhl8l7C4on-YblrAAAAAc,body,26
X3Qc8IeRWPb45WPZsROVggAAAAI,video-sketch,18
X3QY@vgaJ5t-pA5dtoJbtQAAAAQ,body,3
X3PyeMkML3L-U3EUcH2paQAAAAM,dog,2
X3PdpU7zCpEh66qX-GtKBAAAAAI,body,2
X3NyrFSnQdjsDiOM8pj34wAAAAE,person,8
X3NyrFSnQdjsDiOM8pj34wAAAAE,body,61
X3NyrFSnQdjsDiOM8pj34wAAAAE,body,19
X3NyrFSnQdjsDiOM8pj34wAAAAE,person,25
X3NyrFSnQdjsDiOM8pj34wAAAAE,body,9
X3NcOgmdbURZrMe3GQACPgAAAAU,body,14
X3NK@K0DKamsFAdQ7LvttQAAAAs,cat,13
X3NK@K0DKamsFAdQ7LvttQAAAAs,body,19
X3NK@K0DKamsFAdQ7LvttQAAAAs,body,2
X3NK@K0DKamsFAdQ7LvttQAAAAs,artwork-dark,6
X3NKld1WpxKnwGIRjz4ONAAAAAE,body,1
X3M3qCtsCjyIkc2ycP2LlwAAAAc,dog,50
X3M1X-6JrnYT2BgPot-o3QAAABE,seminude,18
X3M1X-6JrnYT2BgPot-o3QAAABE,seminude,9
X3M1X-6JrnYT2BgPot-o3QAAABE,body,6
X3MsaCcn0WpxdU6-FoTILQAAAAU,body,18
X3Mr31ZB1AMa4tXuwHEmHAAAABY,model-and-actor,14
X3Mr31ZB1AMa4tXuwHEmHAAAABY,body,26
X3Mr31ZB1AMa4tXuwHEmHAAAABY,seminude,8
X3MeTozTAmH2wS9ypBMPvQAAAAI,uniform,163
X3MR4aNz6EmejSOCvGZ1MwAAAAM,wedding,8
X3MP5mLIy3A@tzxSwmZ4awAAAAI,lookbook,51
X3MOBdQkklYDKDegJnRmgwAAAAA,cat,7
X3MOBdQkklYDKDegJnRmgwAAAAA,animalcompany,13
X3MOBdQkklYDKDegJnRmgwAAAAA,video-wedding,8
X3MOBdQkklYDKDegJnRmgwAAAAA,dog,51
X3MOBdQkklYDKDegJnRmgwAAAAA,wedding,11
X3MOBdQkklYDKDegJnRmgwAAAAA,couple,2
X3MOBdQkklYDKDegJnRmgwAAAAA,tour,2
X3MOBdQkklYDKDegJnRmgwAAAAA,first-birthday,6
X3HqaUhCgT-BOe8R7zZL0wAAAAA,bj,3614
X3HqaUhCgT-BOe8R7zZL0wAAAAA,animalcompany,8
X3HqaUhCgT-BOe8R7zZL0wAAAAA,model-and-actor,14
X3MGv2pwiKAhS2QmgaFz3AAAAAM,video-wedding,73
X3L8hUl2FRorrVTvswnWrwAAAAc,landscape,19
X3L8hUl2FRorrVTvswnWrwAAAAc,location,9
X3L8LE1e6KbcFOMclYq62QAAAAQ,seminude,26
X3L8LE1e6KbcFOMclYq62QAAAAQ,withyou,266
X3L8LE1e6KbcFOMclYq62QAAAAQ,cat,51
X3L8LE1e6KbcFOMclYq62QAAAAQ,person,61
X3L8LE1e6KbcFOMclYq62QAAAAQ,cat,72
X3L6vOTpTYDtfID5OEcp2gAAAAY,dog,50
X3Lx6xSQwpvE71pTiwhAeAAAAAM,ceo,13
X3Lx6xSQwpvE71pTiwhAeAAAAAM,wedding,6
X3Lx6xSQwpvE71pTiwhAeAAAAAM,ceo,25
X3Lx6xSQwpvE71pTiwhAeAAAAAM,location,8
X3Lx6xSQwpvE71pTiwhAeAAAAAM,ceo,95
X3LBT@JMJ8tf38D0ugisVgAAAAQ,cat,29
X3HqaUhCgT-BOe8R7zZL0wAAAAA,person,3614
X3LBT@JMJ8tf38D0ugisVgAAAAQ,cat,13
X3LW9ni-zDPgj9ieWhDCcQAAAAI,body,9
X3LBT@JMJ8tf38D0ugisVgAAAAQ,cat,14
X3LBT@JMJ8tf38D0ugisVgAAAAQ,cat,6
X3LBT@JMJ8tf38D0ugisVgAAAAQ,dog,14
X3LBT@JMJ8tf38D0ugisVgAAAAQ,cat,9
X3LBT@JMJ8tf38D0ugisVgAAAAQ,dog,5
X3LBT@JMJ8tf38D0ugisVgAAAAQ,cat,19
X3LBT@JMJ8tf38D0ugisVgAAAAQ,cat,6
X3LBT@JMJ8tf38D0ugisVgAAAAQ,evil-omen,13
X3LBT@JMJ8tf38D0ugisVgAAAAQ,landscape,9
X3LBT@JMJ8tf38D0ugisVgAAAAQ,artwork-dark,24
X3LBT@JMJ8tf38D0ugisVgAAAAQ,artwork-creative-h-and-m,41
X3LBT@JMJ8tf38D0ugisVgAAAAQ,lookbook,42
X3LBT@JMJ8tf38D0ugisVgAAAAQ,portrait-strong,2
X3LBT@JMJ8tf38D0ugisVgAAAAQ,good-omen,9
X3LBT@JMJ8tf38D0ugisVgAAAAQ,person,5
X3LBT@JMJ8tf38D0ugisVgAAAAQ,cat,13
X3LBT@JMJ8tf38D0ugisVgAAAAQ,cat,83
X3LBT@JMJ8tf38D0ugisVgAAAAQ,cat,39
X3LBT@JMJ8tf38D0ugisVgAAAAQ,cat,2
X3K5--TC-pwRC9HixBui9wAAAAM,lookbook,2
X3KwKVuK0Dv7oYfN-cNTvAAAAAQ,dog,27
X3KkamykkeMy7MlzKFtJbAAAAAE,body,73
X3KagSx48@nCV7DxTEzNiAAAAAU,model-and-actor,25
X3KY3RYqHuXc90DhyXM9tQAAAAA,body,13
X3KSwSqX-BKi99EghIHApgAAAAE,kids,1
X3CqPA6EnGdl4HC@Pz@YgAAAAAI,lookbook,26
X3KH6VgwceTrMihAm7pONgAAABI,body,19
X3KH6VgwceTrMihAm7pONgAAABI,seminude,13
X3JaNL2JbHygU1Wm-8G-pgAAAAE,body,13
X3JWaaIkI7u9WYenpVSbkwAAAAM,body,2
X3JWaaIkI7u9WYenpVSbkwAAAAM,artwork-dark,5
X3JWaaIkI7u9WYenpVSbkwAAAAM,person,14
X3JWaaIkI7u9WYenpVSbkwAAAAM,body,42
X3ITmaGQMtuyNbtLiWBFogAAAAU,body,33
X3ICjMz4gYLecUm0lcT-BwAAAAI,model-and-actor,26
X3IBcCTYPkTY7PNOVORfpAAAAAE,musician,19
X3H5q34QeqiRlGRXlk@U2QAAAAU,body,5
X3H1KpQjwcL9KCqduwNrIQAAAAE,dog,13
X3H1KpQjwcL9KCqduwNrIQAAAAE,body,62
X3HyUPlHVLfPVsAQwT8DbwAAAAU,seminude,14
X3HyUPlHVLfPVsAQwT8DbwAAAAU,lookbook,32
X3HsyKbaxf15hZF8KSSeLQAAAAY,seminude,9
X3HsyKbaxf15hZF8KSSeLQAAAAY,body,14
X08749bX3pGpllTnHS2HggAAAAM,seminude,3
X08749bX3pGpllTnHS2HggAAAAM,seminude,13
X08749bX3pGpllTnHS2HggAAAAM,person,9
X3Gx9G2Tsj@Ihn58svinXQAAAAA,artwork-dark,9
X3Gx9G2Tsj@Ihn58svinXQAAAAA,body,3
X3Gx9G2Tsj@Ihn58svinXQAAAAA,body,1
X3Gx9G2Tsj@Ihn58svinXQAAAAA,seminude,8
X3Gx9G2Tsj@Ihn58svinXQAAAAA,person,8
X3Gx9G2Tsj@Ihn58svinXQAAAAA,location,8
X3Gx9G2Tsj@Ihn58svinXQAAAAA,lookbook,14
X3GYpAEgf1zy7ESM9rT87wAAAAE,body,62
X1Xtv1qOVm@C6WbBlHYYPwAAAAM,dog,2
X1Xtv1qOVm@C6WbBlHYYPwAAAAM,dog,8
X1Xtv1qOVm@C6WbBlHYYPwAAAAM,dog,3
X1Xtv1qOVm@C6WbBlHYYPwAAAAM,dog,10
X1Xtv1qOVm@C6WbBlHYYPwAAAAM,dog,103
X1Xtv1qOVm@C6WbBlHYYPwAAAAM,dog,38
X1Xtv1qOVm@C6WbBlHYYPwAAAAM,dog,20
X1Xtv1qOVm@C6WbBlHYYPwAAAAM,dog,63
X1Xtv1qOVm@C6WbBlHYYPwAAAAM,dog,1
X1Xtv1qOVm@C6WbBlHYYPwAAAAM,dog,33
X1Xtv1qOVm@C6WbBlHYYPwAAAAM,lookbook,19
X1Xtv1qOVm@C6WbBlHYYPwAAAAM,dog,30
X1Xtv1qOVm@C6WbBlHYYPwAAAAM,couple,5
X1Xtv1qOVm@C6WbBlHYYPwAAAAM,wedding,2
X1Xtv1qOVm@C6WbBlHYYPwAAAAM,video-fashion,5
X1Xtv1qOVm@C6WbBlHYYPwAAAAM,lookbook,26
X3F6ObQ7-EtQXyOPNSwSlQAAAAE,seminude,19
X3F6ObQ7-EtQXyOPNSwSlQAAAAE,location,18
X3F6ObQ7-EtQXyOPNSwSlQAAAAE,body,27
X3F6ObQ7-EtQXyOPNSwSlQAAAAE,model-and-actor,25
X3F6ObQ7-EtQXyOPNSwSlQAAAAE,person,62
X1Xtv1qOVm@C6WbBlHYYPwAAAAM,dog,73
X1Xtv1qOVm@C6WbBlHYYPwAAAAM,dog,288
X1Xtv1qOVm@C6WbBlHYYPwAAAAM,wedding,3
X1Xtv1qOVm@C6WbBlHYYPwAAAAM,dog,19
X1Xtv1qOVm@C6WbBlHYYPwAAAAM,dog,73
X1Xtv1qOVm@C6WbBlHYYPwAAAAM,dog,50
X1Xtv1qOVm@C6WbBlHYYPwAAAAM,musician,2
X1Xtv1qOVm@C6WbBlHYYPwAAAAM,dog,32
X1Xtv1qOVm@C6WbBlHYYPwAAAAM,dog,2
X1Xtv1qOVm@C6WbBlHYYPwAAAAM,dog,86
X1Xtv1qOVm@C6WbBlHYYPwAAAAM,dog,6
X3FinN7BMu0NRcycFpBAWQAAAAA,ceo,2
X3FinN7BMu0NRcycFpBAWQAAAAA,video-music,5
X3FinN7BMu0NRcycFpBAWQAAAAA,video-excercise,3
X3Fnv0cB3LxYcePPdwjpfQAAAAI,dog,26
X3FinN7BMu0NRcycFpBAWQAAAAA,evil-omen,3
X3FinN7BMu0NRcycFpBAWQAAAAA,landscape,3
X3FinN7BMu0NRcycFpBAWQAAAAA,lookbook,26
X3FinN7BMu0NRcycFpBAWQAAAAA,artwork-creative-h-and-m,13
X3FinN7BMu0NRcycFpBAWQAAAAA,good-omen,2
X3FinN7BMu0NRcycFpBAWQAAAAA,portrait-strong,18
X3FinN7BMu0NRcycFpBAWQAAAAA,uniform,8
X3FinN7BMu0NRcycFpBAWQAAAAA,product,5
X3FinN7BMu0NRcycFpBAWQAAAAA,street,114
X3FinN7BMu0NRcycFpBAWQAAAAA,fashionshow,17
X3FinN7BMu0NRcycFpBAWQAAAAA,group,42
X3FinN7BMu0NRcycFpBAWQAAAAA,person,1
X3FinN7BMu0NRcycFpBAWQAAAAA,kids,9
X3FinN7BMu0NRcycFpBAWQAAAAA,seminude,14
X3FinN7BMu0NRcycFpBAWQAAAAA,4050,6
X3FinN7BMu0NRcycFpBAWQAAAAA,musician,13
X3FinN7BMu0NRcycFpBAWQAAAAA,person,61
X3FinN7BMu0NRcycFpBAWQAAAAA,musician,18
X3FinN7BMu0NRcycFpBAWQAAAAA,model-and-actor,25
X3FinN7BMu0NRcycFpBAWQAAAAA,bj,50
X3FinN7BMu0NRcycFpBAWQAAAAA,withyou,13
X3FinN7BMu0NRcycFpBAWQAAAAA,couple,2
X3FinN7BMu0NRcycFpBAWQAAAAA,first-birthday,2
X3FinN7BMu0NRcycFpBAWQAAAAA,wedding,8
X3FinN7BMu0NRcycFpBAWQAAAAA,tour,5
X3FinN7BMu0NRcycFpBAWQAAAAA,video-fashion,6
X3FinN7BMu0NRcycFpBAWQAAAAA,video-music,14
X3FinN7BMu0NRcycFpBAWQAAAAA,video-excercise,3
X3FinN7BMu0NRcycFpBAWQAAAAA,video-club,2
X3FinN7BMu0NRcycFpBAWQAAAAA,video-sketch,5
X3FinN7BMu0NRcycFpBAWQAAAAA,video-wedding,9
X3FinN7BMu0NRcycFpBAWQAAAAA,video-entertainment,2
X3FinN7BMu0NRcycFpBAWQAAAAA,event,6
X3FinN7BMu0NRcycFpBAWQAAAAA,ceo,8
X3FinN7BMu0NRcycFpBAWQAAAAA,person,8
X3FinN7BMu0NRcycFpBAWQAAAAA,club,32
X3Fbl@3-yGkVi8mGxftgYwAAAAA,wedding,33
X3FawNpQQ8LfPqP0YQbRGQAAAAI,body,8
X3FMwKWT65O-ELILOI7T6QAAAAQ,body,42
X3FGKz5k0VP0Iye2Q-HvvQAAAAM,seminude,5
X3FGKz5k0VP0Iye2Q-HvvQAAAAM,body,33
X3E-o1sLgRUmkTz8XYhKUwAAAAE,body,25
X3EkthFE22shfwbqhBY0NwAAAAE,seminude,8
X3EkthFE22shfwbqhBY0NwAAAAE,body,35
X3EdQUP2krJaKSl-PTl5DAAAAAE,body,5
X3CSj6YgO1sopKNL8hDKtAAAAAM,body,18
X3CSj6YgO1sopKNL8hDKtAAAAAM,body,13
X3CSj6YgO1sopKNL8hDKtAAAAAM,body,1
X3DCg46wzcEnkMDohRXDcAAAAAU,body,5
X3C6p3OWG53onScYh3dvyAAAAAE,lookbook,5
X3CnO8le7qi5VAl7Nf1fMgAAAAI,person,26
X3CnO8le7qi5VAl7Nf1fMgAAAAI,video-music,5
X3CiyodHQMuAKsbiVx3UWwAAAAM,dog,33
X3CgReVGi-K-b8REhE3KjQAAAAU,product,2
X3CSj6YgO1sopKNL8hDKtAAAAAM,seminude,43
X3CSj6YgO1sopKNL8hDKtAAAAAM,body,182
X3CSj6YgO1sopKNL8hDKtAAAAAM,body,2
X3CPPxyzI68N8JWvB0MJNgAAAAA,musician,9
X3CPPxyzI68N8JWvB0MJNgAAAAA,model-and-actor,86
X3CPPxyzI68N8JWvB0MJNgAAAAA,person,51
X3CPPxyzI68N8JWvB0MJNgAAAAA,bj,14
X3CBhCC-YjYKKWnNTKS8ZwAAAAI,dog,9
X3B5TfL6iDFStMwpkOGUewAAAAE,seminude,13
X3B5TfL6iDFStMwpkOGUewAAAAE,model-and-actor,33
X3B5TfL6iDFStMwpkOGUewAAAAE,ceo,6
X3B5TfL6iDFStMwpkOGUewAAAAE,kids,6
X3B5TfL6iDFStMwpkOGUewAAAAE,body,14
X3BqxSa6PL6tnsieQ9pEDgAAAAQ,body,13
X3BpjKNhpamtLS@WIERn5AAAAAE,model-and-actor,25
X3Bl09fL04E4sgc1K6QrOAAAAAA,body,33
X3ANjJl1nl5vh6MWuF@xHAAAAAA,cat,18
X3ANjJl1nl5vh6MWuF@xHAAAAAA,dog,19
X3ANjJl1nl5vh6MWuF@xHAAAAAA,dog,77
X3ANjJl1nl5vh6MWuF@xHAAAAAA,withyou,25
X2@-X82Ub9wv0gEh-yt52QAAAAM,wedding,19
X29b2ZqkYXRcRlxmQ2CV1gAAAAI,kids,13
X29ZMN454VKfplGx5KLD7QAAAAA,withyou,9
X28hj1gyopJJVwzDlMx02gAAAAE,ceo,2
X28Ty9PALzqXdWCMKKjDWgAAAAA,lookbook,26
X26XjqNr-L@bFzGDlInoCQAAAAA,seminude,13
X26XjqNr-L@bFzGDlInoCQAAAAA,body,26
X27SQeKnr3@NJ8oIRKW9lgAAAAE,portrait-strong,26
X27SQeKnr3@NJ8oIRKW9lgAAAAE,good-omen,5
X27SQeKnr3@NJ8oIRKW9lgAAAAE,artwork-dark,5
X27SQeKnr3@NJ8oIRKW9lgAAAAE,artwork-creative-h-and-m,19
X27SQeKnr3@NJ8oIRKW9lgAAAAE,ceo,18
X27SQeKnr3@NJ8oIRKW9lgAAAAE,model-and-actor,51
X27SQeKnr3@NJ8oIRKW9lgAAAAE,product,25
X24QFjHC2ExOBz5LjH9axgAAAAM,dog,26
X26s7GBmhIgJEzGGyyUoxQAAAAE,dog,61
X26s7GBmhIgJEzGGyyUoxQAAAAE,artwork-dark,20
X26s7GBmhIgJEzGGyyUoxQAAAAE,musician,19
X26s7GBmhIgJEzGGyyUoxQAAAAE,model-and-actor,18
X24Vq@WtI@xnpmTU4nL9tAAAAAI,person,19
X24Vq@WtI@xnpmTU4nL9tAAAAAI,body,13
X26XjqNr-L@bFzGDlInoCQAAAAA,seminude,5
X26XjqNr-L@bFzGDlInoCQAAAAA,seminude,26
X26XjqNr-L@bFzGDlInoCQAAAAA,body,13
X26R9sbPPBACuXhMF7m9dwAAAAA,withyou,8
X24ufCvoLahYrllpHv1WewAAAAM,dog,3
X24ufCvoLahYrllpHv1WewAAAAM,dog,2
X24Vq@WtI@xnpmTU4nL9tAAAAAI,seminude,5
X24Vq@WtI@xnpmTU4nL9tAAAAAI,body,8
X24Vq@WtI@xnpmTU4nL9tAAAAAI,seminude,6
X24QFjHC2ExOBz5LjH9axgAAAAM,model-and-actor,33
X24QFjHC2ExOBz5LjH9axgAAAAM,person,42
X24QFjHC2ExOBz5LjH9axgAAAAM,dog,86
X24QFjHC2ExOBz5LjH9axgAAAAM,dog,51
X24QFjHC2ExOBz5LjH9axgAAAAM,kids,14
X24QFjHC2ExOBz5LjH9axgAAAAM,group,25
X24QFjHC2ExOBz5LjH9axgAAAAM,withyou,26
X24QFjHC2ExOBz5LjH9axgAAAAM,withyou,13
X23@0lUFABh4FzeDdzszKQAAAAA,seminude,51
X23@0lUFABh4FzeDdzszKQAAAAA,body,18
X23@0lUFABh4FzeDdzszKQAAAAA,seminude,14
X23p-HjYOmSz4fk6hFtijgAAAAE,model-and-actor,16
X23l0OXoGgq2WfP9aVxL6AAAAAA,body,32
X23l0OXoGgq2WfP9aVxL6AAAAAA,body,33
X23l0OXoGgq2WfP9aVxL6AAAAAA,model-and-actor,2
X23hFtFb1GGF9hFI8jzNxgAAAAA,person,14
X22cCumL5o4nePZJYpJC5AAAAAQ,body,51
X22Y53326@r9BmaEKf@fowAAAAM,wedding,1
X215ZYsKW5WNzlzZZnAfewAAAAA,artwork-dark,98
X215ZYsKW5WNzlzZZnAfewAAAAA,body,13
X215ZYsKW5WNzlzZZnAfewAAAAA,artwork-creative-h-and-m,18
X215ZYsKW5WNzlzZZnAfewAAAAA,evil-omen,2814
X210BuV3rmQhIyk4bqrhNQAAAAE,body,64
X21yR2oPR0-ZhzDe-sL8FQAAAAA,animalcompany,3
X21yR2oPR0-ZhzDe-sL8FQAAAAA,body,33
X21ngN@lF-nzoWbccpsdewAAAAA,panorama,5
X21l2@X82onaweAQGDMOhgAAAAE,person,5
X21k1RPN9fbourPu8LnORQAAAAE,ceo,3
X21j4VgOGZDx5ejk-BVXGQAAAAM,seminude,14
X21j4VgOGZDx5ejk-BVXGQAAAAM,video-excercise,14
X21j4VgOGZDx5ejk-BVXGQAAAAM,street,6
X21j4VgOGZDx5ejk-BVXGQAAAAM,fashionshow,8
X21j4VgOGZDx5ejk-BVXGQAAAAM,artwork-dark,2
X21j4VgOGZDx5ejk-BVXGQAAAAM,artwork-creative-h-and-m,5
X21j4VgOGZDx5ejk-BVXGQAAAAM,event,5
X21j4VgOGZDx5ejk-BVXGQAAAAM,person,14
X21j4VgOGZDx5ejk-BVXGQAAAAM,model-and-actor,6
X21j4VgOGZDx5ejk-BVXGQAAAAM,bj,13
X21gK4CGIkitiejhQe9FmAAAAAA,model-and-actor,9
X21fAvneuV-erHqLTUTGPAAAAAI,dog,5
X21TaEQ9LLPMtWVVaWR5XQAAAAA,body,8
X21LKcL1G43MnxhdGjl8@QAAAAM,kids,1
X20kH5KLRgKuYnnTbZ8VSwAAAAM,dog,63
X20vThiz4m54c0FjLe8rGAAAAAM,lookbook,2
X20pGH0CRngmkDCrFLvaOgAAAAM,dog,8
X20kH5KLRgKuYnnTbZ8VSwAAAAM,dog,50
X2zbrUTnZFiXFfRCOXbJsQAAAAM,body,73
X2zQaXs9WaCbpuJcLiuLuQAAAAY,dog,1
X2zQaXs9WaCbpuJcLiuLuQAAAAY,body,33
X2zQaXs9WaCbpuJcLiuLuQAAAAY,dog,42
X2zQaXs9WaCbpuJcLiuLuQAAAAY,bj,9
X2zQaXs9WaCbpuJcLiuLuQAAAAY,person,13
X2zQaXs9WaCbpuJcLiuLuQAAAAY,kids,14
X2zQaXs9WaCbpuJcLiuLuQAAAAY,seminude,6
X2zQaXs9WaCbpuJcLiuLuQAAAAY,body,8
X2zQaXs9WaCbpuJcLiuLuQAAAAY,4050,8
X2zQaXs9WaCbpuJcLiuLuQAAAAY,group,26
X2zQaXs9WaCbpuJcLiuLuQAAAAY,withyou,13
X2zQaXs9WaCbpuJcLiuLuQAAAAY,person,33
X2y6odEHiBSpo3-OPDv4wAAAAAM,dog,14
X2y38goQ59my2rTYi0cLdQAAAAM,body,33
X2y0lzjzsJyoPDgxkK6BEAAAAAU,model-and-actor,8
X2yw74vOGs2n1tYT-BqNagAAAAI,person,15
X2ywP72JIXv@XLPQf7j27wAAAAQ,model-and-actor,6
X2ywP72JIXv@XLPQf7j27wAAAAQ,person,129
X2v0Yn-shTsvq8w3lZbXIAAAAAY,model-and-actor,6
X2v0Yn-shTsvq8w3lZbXIAAAAAY,model-and-actor,73
X2v0Yn-shTsvq8w3lZbXIAAAAAY,seminude,13
X2v0Yn-shTsvq8w3lZbXIAAAAAY,model-and-actor,9
X2v0Yn-shTsvq8w3lZbXIAAAAAY,musician,13
X2yXdvZXYfzZrGJSfzIzrAAAAAM,video-fashion,3
X2yXdvZXYfzZrGJSfzIzrAAAAAM,body,85
X2yXdvZXYfzZrGJSfzIzrAAAAAM,person,51
X2yXdvZXYfzZrGJSfzIzrAAAAAM,person,14
X2yXdvZXYfzZrGJSfzIzrAAAAAM,lookbook,9
X2yXdvZXYfzZrGJSfzIzrAAAAAM,uniform,13
X2yXdvZXYfzZrGJSfzIzrAAAAAM,product,14
X2yXdvZXYfzZrGJSfzIzrAAAAAM,person,14
X2yXdvZXYfzZrGJSfzIzrAAAAAM,club,14
X2x5fCPK@57mWeBRTL1G@AAAAAQ,wedding,146
X2xC7C390AkPepqKnpYG2wAAAAA,body,25
X2wmbbDWsIVhZE@5hrbSewAAAAE,panorama,2
X2wIGNQziXsUsmEZ@RQSxAAAAAE,person,1
X2wIGNQziXsUsmEZ@RQSxAAAAAE,person,33
X2wIGNQziXsUsmEZ@RQSxAAAAAE,model-and-actor,26
X2v2B5WVLk@LG-nRX1KafAAAAAM,musician,25
X2v2B5WVLk@LG-nRX1KafAAAAAM,body,13
X2v2B5WVLk@LG-nRX1KafAAAAAM,seminude,51
X2v2B5WVLk@LG-nRX1KafAAAAAM,person,33
X2v2B5WVLk@LG-nRX1KafAAAAAM,body,162
X2v2B5WVLk@LG-nRX1KafAAAAAM,body,5
X2v2B5WVLk@LG-nRX1KafAAAAAM,model-and-actor,25
X2vvXXX63RxPTGGD8MGGfwAAAAI,body,20
X2h4JGX6Q-qPhkfNddaW-AAAAAI,seminude,2
X2h4JGX6Q-qPhkfNddaW-AAAAAI,body,14
X2voAaKgUlU7OzddG1sX4gAAAAA,withyou,26
X2voAaKgUlU7OzddG1sX4gAAAAA,dog,8
X2voAaKgUlU7OzddG1sX4gAAAAA,cat,5
X2voAaKgUlU7OzddG1sX4gAAAAA,animalcompany,8
X2vm5vxjPdUPqQlNaoRtCwAAAAE,model-and-actor,3
X08749bX3pGpllTnHS2HggAAAAM,body,13
X08749bX3pGpllTnHS2HggAAAAM,kids,6
X08749bX3pGpllTnHS2HggAAAAM,body,33
X08749bX3pGpllTnHS2HggAAAAM,seminude,9
X08749bX3pGpllTnHS2HggAAAAM,body,13
X08749bX3pGpllTnHS2HggAAAAM,musician,18
X08749bX3pGpllTnHS2HggAAAAM,person,18
X2t6uzyuu7Gmg2qdYCIIBQAAAAE,artwork-creative-h-and-m,33
X2t6uzyuu7Gmg2qdYCIIBQAAAAE,artwork-creative-h-and-m,8
X2t6Pg@lsohGzQq@lzm3tAAAAAI,artwork-creative-h-and-m,5
X2tx789HqPe3AfNaGRi7QAAAAAA,dog,20
X2tx789HqPe3AfNaGRi7QAAAAAA,dog,26
X2tokiMUQBEVWstKLvpvCAAAAAM,dog,2
X2tgmLZTtUu6wsiUQYHmngAAAAA,person,2
X2tgmLZTtUu6wsiUQYHmngAAAAA,body,5
X2tgmLZTtUu6wsiUQYHmngAAAAA,body,25
X2tfC2S4QzMlYxJJPtIhugAAAAM,person,2
X2tfC2S4QzMlYxJJPtIhugAAAAM,model-and-actor,5
X2tfC2S4QzMlYxJJPtIhugAAAAM,model-and-actor,2
X2tfC2S4QzMlYxJJPtIhugAAAAM,musician,18
X2tfC2S4QzMlYxJJPtIhugAAAAM,seminude,13
X2tfC2S4QzMlYxJJPtIhugAAAAM,group,6
X2tfC2S4QzMlYxJJPtIhugAAAAM,person,1
X2tfC2S4QzMlYxJJPtIhugAAAAM,4050,3
X2tYsPWhiT5WLz-R5XINdgAAAAQ,evil-omen,2
X2tR6VTtR45244Tra1KHNAAAAAM,model-and-actor,19
X2tMASCzsOzGNWMXtlTlFgAAAAE,person,3613
X2tIwZiXTrnVeUg@@edm9wAAAAE,body,18
X2tIwZiXTrnVeUg@@edm9wAAAAE,seminude,8
X2roy1AV8bUoIeo4C-DlGAAAAAM,wedding,13
X2tDTip7wYx5atcrx2Fc1wAAAAE,person,13
X2tDTip7wYx5atcrx2Fc1wAAAAE,ceo,14
X2sxYHdtnTkmOEJ98vXYEQAAAAI,wedding,6
X2sxYHdtnTkmOEJ98vXYEQAAAAI,body,51
X2sxYHdtnTkmOEJ98vXYEQAAAAI,seminude,19
X0zz9S4MK3Kh1b-2uaUKQgAAAAI,fighter,802
X2VeCTNvCDOvDZhcbiDHTgAAAAA,location,8
X2VeCTNvCDOvDZhcbiDHTgAAAAA,model-and-actor,26
X2VeCTNvCDOvDZhcbiDHTgAAAAA,musician,14
X2VeCTNvCDOvDZhcbiDHTgAAAAA,person,26
X2VeCTNvCDOvDZhcbiDHTgAAAAA,kids,10
X2VeCTNvCDOvDZhcbiDHTgAAAAA,musician,26
X2VeCTNvCDOvDZhcbiDHTgAAAAA,person,33
X2VeCTNvCDOvDZhcbiDHTgAAAAA,group,14
X1Xtv1qOVm@C6WbBlHYYPwAAAAM,artwork-dark,99
X1Xtv1qOVm@C6WbBlHYYPwAAAAM,4050,18
X1Xtv1qOVm@C6WbBlHYYPwAAAAM,evil-omen,3
X1Xtv1qOVm@C6WbBlHYYPwAAAAM,portrait-strong,2
X1Xtv1qOVm@C6WbBlHYYPwAAAAM,video-fashion,6
X1Xtv1qOVm@C6WbBlHYYPwAAAAM,good-omen,13
X1Xtv1qOVm@C6WbBlHYYPwAAAAM,video-music,13
X1Xtv1qOVm@C6WbBlHYYPwAAAAM,portrait-strong,14
X1Xtv1qOVm@C6WbBlHYYPwAAAAM,video-excercise,9
X1Xtv1qOVm@C6WbBlHYYPwAAAAM,video-club,26
X1Xtv1qOVm@C6WbBlHYYPwAAAAM,evil-omen,6
X1Xtv1qOVm@C6WbBlHYYPwAAAAM,artwork-creative-h-and-m,51
X1Xtv1qOVm@C6WbBlHYYPwAAAAM,video-sketch,14
X1Xtv1qOVm@C6WbBlHYYPwAAAAM,video-entertainment,6
X1Xtv1qOVm@C6WbBlHYYPwAAAAM,video-wedding,926
X1Xtv1qOVm@C6WbBlHYYPwAAAAM,artwork-dark,19
X1Xtv1qOVm@C6WbBlHYYPwAAAAM,video-sketch,2
X1Xtv1qOVm@C6WbBlHYYPwAAAAM,video-sketch,6
X1Xtv1qOVm@C6WbBlHYYPwAAAAM,group,26
X1Xtv1qOVm@C6WbBlHYYPwAAAAM,location,14
X1Xtv1qOVm@C6WbBlHYYPwAAAAM,portrait-strong,33
X1Xtv1qOVm@C6WbBlHYYPwAAAAM,animalcompany,9
X1Xtv1qOVm@C6WbBlHYYPwAAAAM,artwork-dark,42
X1Xtv1qOVm@C6WbBlHYYPwAAAAM,animalcompany,3
X1Xtv1qOVm@C6WbBlHYYPwAAAAM,animalcompany,14
X1Xtv1qOVm@C6WbBlHYYPwAAAAM,couple,6
X1Xtv1qOVm@C6WbBlHYYPwAAAAM,tour,5
X1Xtv1qOVm@C6WbBlHYYPwAAAAM,tour,3
X1Xtv1qOVm@C6WbBlHYYPwAAAAM,artwork-creative-h-and-m,14
X1Xtv1qOVm@C6WbBlHYYPwAAAAM,wedding,2
X1Xtv1qOVm@C6WbBlHYYPwAAAAM,couple,5
X1Xtv1qOVm@C6WbBlHYYPwAAAAM,first-birthday,2
X1Xtv1qOVm@C6WbBlHYYPwAAAAM,wedding,50
X1Xtv1qOVm@C6WbBlHYYPwAAAAM,evil-omen,73
X1Xtv1qOVm@C6WbBlHYYPwAAAAM,club,51
X1Xtv1qOVm@C6WbBlHYYPwAAAAM,street,86
X1Xtv1qOVm@C6WbBlHYYPwAAAAM,good-omen,14
X1Xtv1qOVm@C6WbBlHYYPwAAAAM,landscape,19
X1Xtv1qOVm@C6WbBlHYYPwAAAAM,lookbook,26
X1Xtv1qOVm@C6WbBlHYYPwAAAAM,uniform,9
X1Xtv1qOVm@C6WbBlHYYPwAAAAM,product,8
X1Xtv1qOVm@C6WbBlHYYPwAAAAM,fashionshow,25
X1Xtv1qOVm@C6WbBlHYYPwAAAAM,event,26
X1Xtv1qOVm@C6WbBlHYYPwAAAAM,zoo,19
X1Xtv1qOVm@C6WbBlHYYPwAAAAM,food,3
X1Xtv1qOVm@C6WbBlHYYPwAAAAM,event,6
X1Xtv1qOVm@C6WbBlHYYPwAAAAM,panorama,201
X1Xtv1qOVm@C6WbBlHYYPwAAAAM,group,18
X1Xtv1qOVm@C6WbBlHYYPwAAAAM,location,19
X1Xtv1qOVm@C6WbBlHYYPwAAAAM,panorama,9
X1Xtv1qOVm@C6WbBlHYYPwAAAAM,ceo,5
X1Xtv1qOVm@C6WbBlHYYPwAAAAM,4050,26
X1Xtv1qOVm@C6WbBlHYYPwAAAAM,club,8
X1Xtv1qOVm@C6WbBlHYYPwAAAAM,zoo,1
X1Xtv1qOVm@C6WbBlHYYPwAAAAM,zoo,2
X1Xtv1qOVm@C6WbBlHYYPwAAAAM,street,2
X1Xtv1qOVm@C6WbBlHYYPwAAAAM,person,33
X1Xtv1qOVm@C6WbBlHYYPwAAAAM,person,6
X1Xtv1qOVm@C6WbBlHYYPwAAAAM,kids,5
X1Xtv1qOVm@C6WbBlHYYPwAAAAM,body,8
X1Xtv1qOVm@C6WbBlHYYPwAAAAM,seminude,1
X1Xtv1qOVm@C6WbBlHYYPwAAAAM,seminude,19
X1Xtv1qOVm@C6WbBlHYYPwAAAAM,kids,5
X1Xtv1qOVm@C6WbBlHYYPwAAAAM,body,26
X1Xtv1qOVm@C6WbBlHYYPwAAAAM,musician,6
X1Xtv1qOVm@C6WbBlHYYPwAAAAM,model-and-actor,14
X1Xtv1qOVm@C6WbBlHYYPwAAAAM,seminude,9
X1Xtv1qOVm@C6WbBlHYYPwAAAAM,ceo,6
X1Xtv1qOVm@C6WbBlHYYPwAAAAM,4050,13
X1Xtv1qOVm@C6WbBlHYYPwAAAAM,bj,26
X1Xtv1qOVm@C6WbBlHYYPwAAAAM,video-wedding,289
X1Xtv1qOVm@C6WbBlHYYPwAAAAM,first-birthday,9
X1Xtv1qOVm@C6WbBlHYYPwAAAAM,cat,2
X1Xtv1qOVm@C6WbBlHYYPwAAAAM,couple,5
X1Xtv1qOVm@C6WbBlHYYPwAAAAM,dog,1
X1Xtv1qOVm@C6WbBlHYYPwAAAAM,withyou,50
X1Xtv1qOVm@C6WbBlHYYPwAAAAM,tour,5
X1Xtv1qOVm@C6WbBlHYYPwAAAAM,video-fashion,42
X1Xtv1qOVm@C6WbBlHYYPwAAAAM,animalcompany,25
X1Xtv1qOVm@C6WbBlHYYPwAAAAM,video-music,2
X1Xtv1qOVm@C6WbBlHYYPwAAAAM,video-sketch,2
X1Xtv1qOVm@C6WbBlHYYPwAAAAM,video-wedding,50
X1Xtv1qOVm@C6WbBlHYYPwAAAAM,video-wedding,2
X1Xtv1qOVm@C6WbBlHYYPwAAAAM,couple,18
X1Xtv1qOVm@C6WbBlHYYPwAAAAM,location,156
X2r@J0@iMSfS6VOvPwCM@QAAAAI,dog,13
X2r@J0@iMSfS6VOvPwCM@QAAAAI,dog,26
X2rrmgUyW3sMxuhRv2s4IAAAAAM,video-music,13
X2rrmgUyW3sMxuhRv2s4IAAAAAM,evil-omen,146
X2rrmgUyW3sMxuhRv2s4IAAAAAM,wedding,2
X2rqoB13l1lGv89E2qof2QAAAAA,location,8
X2qZ38moBxrN5hJnUKaOEwAAAAE,ceo,19
X2rk8pe2sxOXIYYJH1LhsgAAAAM,person,8
X2rF5ckm2IYz6LW3y4a8OgAAAAI,dog,2
X2rF5ckm2IYz6LW3y4a8OgAAAAI,dog,32
X2rF5ckm2IYz6LW3y4a8OgAAAAI,animalcompany,18
X1Xtv1qOVm@C6WbBlHYYPwAAAAM,portrait-strong,62
X1Xtv1qOVm@C6WbBlHYYPwAAAAM,video-sketch,1
X1Xtv1qOVm@C6WbBlHYYPwAAAAM,video-fashion,9
X1Xtv1qOVm@C6WbBlHYYPwAAAAM,couple,8
X2qZ38moBxrN5hJnUKaOEwAAAAE,video-music,6
X2qZ38moBxrN5hJnUKaOEwAAAAE,video-sketch,14
X2qZ38moBxrN5hJnUKaOEwAAAAE,artwork-creative-h-and-m,13
X2qZ38moBxrN5hJnUKaOEwAAAAE,zoo,8
X2oSwiZLv-wIu3G@tgcrwgAAAAM,person,18
X2oSwiZLv-wIu3G@tgcrwgAAAAM,model-and-actor,42
X2oINBGc@Ny8hwxNxBsujwAAACs,body,26
X2oINBGc@Ny8hwxNxBsujwAAACs,person,19
X2oINBGc@Ny8hwxNxBsujwAAACs,body,14
X2oINBGc@Ny8hwxNxBsujwAAACs,person,19
X2oINBGc@Ny8hwxNxBsujwAAACs,seminude,6
X2oINBGc@Ny8hwxNxBsujwAAACs,seminude,26
X08749bX3pGpllTnHS2HggAAAAM,seminude,8
X2nfkKnSFoD5DyvDwVLVVgAAAAA,zoo,12
X15J7IzodrUYyKMJfudbygAAAAI,video-fashion,14
X2m1lEW2AvAKzurDJsiGVQAAAAM,body,41
X2m0qic1bD4B41etkB363gAAAAE,body,33
X2mf9fpxRoXOJwg0dIPFEwAAAAQ,body,15
X2mcfgZ8p1@yUOYnRw-duwAAAAM,product,5
X2mWPP1iRdqueriYeRij1QAAAAQ,body,267
X2l@kOWirXysNK1R-gj9NwAAAAM,panorama,32
X2l@kOWirXysNK1R-gj9NwAAAAM,panorama,13
X2l@kOWirXysNK1R-gj9NwAAAAM,location,9
X2l0N7mc5TAjGyPBmTjZvQAAAAE,cat,201
X2l0N7mc5TAjGyPBmTjZvQAAAAE,dog,8
X2lwayPpiY1AODonod5rQQAAAAI,body,19
X2lwayPpiY1AODonod5rQQAAAAI,seminude,25
X2kmujiy6N97TQb4NYI9BwAAAAI,landscape,5
X2kmujiy6N97TQb4NYI9BwAAAAI,model-and-actor,9
X2jPVWBSstReGa8D8yQ7-QAAAAE,body,2
X2jPVWBSstReGa8D8yQ7-QAAAAE,body,3
X2i8mWcub4WmSs-MbNPxXgAAAAA,withyou,13
X2i8mWcub4WmSs-MbNPxXgAAAAA,dog,26
X2i5M4ZbAxRrND136CvaMwAAAAE,body,19
X2i5M4ZbAxRrND136CvaMwAAAAE,good-omen,20
X2i5M4ZbAxRrND136CvaMwAAAAE,body,62
X2i5M4ZbAxRrND136CvaMwAAAAE,portrait-strong,9
X2i5M4ZbAxRrND136CvaMwAAAAE,good-omen,14
X2i5M4ZbAxRrND136CvaMwAAAAE,seminude,28
X08749bX3pGpllTnHS2HggAAAAM,lookbook,9
X2ia7TaLzVWZlzQChUY5RQAAAAI,dog,32
X2h4JGX6Q-qPhkfNddaW-AAAAAI,seminude,13
X2h4JGX6Q-qPhkfNddaW-AAAAAI,body,9
X2hiXVWhHLuXMpcMmPgl3wAAAAE,person,18
X2hiXVWhHLuXMpcMmPgl3wAAAAE,withyou,18
X2hX9L1dsp7dOeLnsAicmgAAAAI,dog,9
X2hL1NiqTZTp6C8JKbmVIAAAAAI,body,52
X1Xtv1qOVm@C6WbBlHYYPwAAAAM,4050,62
X1Xtv1qOVm@C6WbBlHYYPwAAAAM,4050,2
X1Xtv1qOVm@C6WbBlHYYPwAAAAM,seminude,2
X2gYMv1vxhYK4muxnt0BEgAAAAE,person,14
X2gUJR0Wl4slWhZ01Q9TsQAAAAA,ceo,5
X2gUJR0Wl4slWhZ01Q9TsQAAAAA,product,8
X2gUJR0Wl4slWhZ01Q9TsQAAAAA,ceo,14
X2gUJR0Wl4slWhZ01Q9TsQAAAAA,person,13
X2gUJR0Wl4slWhZ01Q9TsQAAAAA,location,8
X2gGZvKZTNhs8QLvNpz9pwAAAAA,withyou,20
X2gGZvKZTNhs8QLvNpz9pwAAAAA,dog,3
X2f5wONRlPfg5NVQCAmk-AAAAAE,dog,25
X2f2KKkWyziImRakV8swXgAAAAA,body,33
X2fz6Nnx0EDzyIPckkcf-QAAAAA,body,28
X2fv6sEx7GWt47NLeqMU6AAAAAA,dog,41
X2fvv-eZLpQUX81x6VdHAAAAAAI,model-and-actor,19
X08749bX3pGpllTnHS2HggAAAAM,body,8
X08749bX3pGpllTnHS2HggAAAAM,seminude,9
X2d0bHz9i7Q0giRwb5m56wAAAAE,body,40
X2d0bHz9i7Q0giRwb5m56wAAAAE,body,51
X2d0bHz9i7Q0giRwb5m56wAAAAE,bj,18
X2bgXZZCYNmnGrulxuBSwwAAAAE,withyou,19
X2bgXZZCYNmnGrulxuBSwwAAAAE,dog,9
X2bgXZZCYNmnGrulxuBSwwAAAAE,dog,25
X2bgXZZCYNmnGrulxuBSwwAAAAE,person,72
X1ofqr77vHD8@vSRIagMPQAAAAI,body,129
X2aZJVl6gCYyuBWTLJk4UQAAAAA,seminude,33
X2aZJVl6gCYyuBWTLJk4UQAAAAA,body,13
X2ZRu5pyyUGC1GfPA@e2vQAAAAE,dog,8
X2ZRu5pyyUGC1GfPA@e2vQAAAAE,dog,14
X2ZRu5pyyUGC1GfPA@e2vQAAAAE,dog,19
X2ZRu5pyyUGC1GfPA@e2vQAAAAE,person,32
X2ZRdahiffhuXzH5gVfT2QAAAAI,dog,19
X2ZBHMzJRP1OCTT51bjQ8wAAAAQ,model-and-actor,86
X2ZBHMzJRP1OCTT51bjQ8wAAAAQ,person,41
X2Y4YtZHsobO0hdKa@6lJAAAAAU,dog,18
X2Ykf-Jz68Q3SLcWU7CeHwAAAAQ,dog,5
X2Ykf-Jz68Q3SLcWU7CeHwAAAAQ,dog,17
X2Ykf-Jz68Q3SLcWU7CeHwAAAAQ,animalcompany,34
X2Ya9b-eOBBy6hSuhy1OGwAAAAQ,person,41
X2Ya9b-eOBBy6hSuhy1OGwAAAAQ,body,2
X2Xvc1jOofFsyXXNreODbgAAAAA,body,18
X2Xu6DSI2b@e-TM0WE75ggAAAAQ,body,2
X2Xu6DSI2b@e-TM0WE75ggAAAAQ,body,25
X2XshoDHZvKuQQloJO5itQAAAAM,artwork-dark,14
X2XshoDHZvKuQQloJO5itQAAAAM,wedding,41
X2XshoDHZvKuQQloJO5itQAAAAM,person,52
X2W6c1zA-CzLzQWwZJFFhwAAAAE,video-excercise,9
X2W6c1zA-CzLzQWwZJFFhwAAAAE,video-fashion,25
X2VeCTNvCDOvDZhcbiDHTgAAAAA,event,13
X2VeCTNvCDOvDZhcbiDHTgAAAAA,artwork-dark,19
X2VeCTNvCDOvDZhcbiDHTgAAAAA,artwork-creative-h-and-m,9
X2VeCTNvCDOvDZhcbiDHTgAAAAA,artwork-dark,6
X2VeCTNvCDOvDZhcbiDHTgAAAAA,evil-omen,8
X2VeCTNvCDOvDZhcbiDHTgAAAAA,artwork-dark,14
X1cm0PF9JIeup9H6Y5NUlAAAAAA,person,3
X1cm0PF9JIeup9H6Y5NUlAAAAAA,model-and-actor,32
X1cm0PF9JIeup9H6Y5NUlAAAAAA,person,65
X1cm0PF9JIeup9H6Y5NUlAAAAAA,body,87
X1cm0PF9JIeup9H6Y5NUlAAAAAA,bj,19
X1cm0PF9JIeup9H6Y5NUlAAAAAA,model-and-actor,26
X2WBwETRtEoU-E1r2aa0bgAAAAI,model-and-actor,25
X2U9P1gUk45QkXSBQ6xYmgAAAAE,body,99
X2TcQ2an4GqjBwcw8-tatwAAAAU,withyou,79
X2TL0jsHZ6mbkmwwPCEengAAAAA,body,3
X2TL0jsHZ6mbkmwwPCEengAAAAA,body,3
X08749bX3pGpllTnHS2HggAAAAM,person,33
X08749bX3pGpllTnHS2HggAAAAM,body,73
X08749bX3pGpllTnHS2HggAAAAM,model-and-actor,33
X08749bX3pGpllTnHS2HggAAAAM,kids,19
X2TI3eq5QpGmZ4LbRgpZ2gAAAAE,dog,13
X2TF00mGjbEnP7LNnJQVLAAAAAU,kids,5
X2SytiRzNHySHXQr4ZMNzAAAAAA,body,19
X2SytiRzNHySHXQr4ZMNzAAAAAA,body,8
X2SytiRzNHySHXQr4ZMNzAAAAAA,artwork-dark,6
X2SytiRzNHySHXQr4ZMNzAAAAAA,person,5
X2Sx2BhW1ug8r0-rV-8OMAAAAAE,group,8
X2Sx2BhW1ug8r0-rV-8OMAAAAAE,musician,2
X2Sx2BhW1ug8r0-rV-8OMAAAAAE,musician,18
X2Si5d4hkj5JfKW16Hm6qAAAAAM,body,13
X2SaBnGmEC4gRd1sKyCrOQAAAAI,person,42
X2SFuEBH9nI9li-9bU2YPwAAAAI,lookbook,2
X2Np0ut-dxP-27TsU9aaAgAAAAE,seminude,26
X2R7ETov8OOnro6nrQsdcQAAAAE,body,8
X2RB4vmDFrvGE@t96lZSEgAAAAM,artwork-creative-h-and-m,42
X2Qnp13MDp36@JAD4ywfEgAAAAI,product,27
X2O4Jopss7TRZwoN0zkvOgAAAAE,lookbook,26
X2OM5K7swtlpAvnzpOZDbwAAAAQ,person,7
X1oq2TUxRKLOA5Jk9hkpUQAAAAU,body,32
X2N5S0hhhDZnKe0tzyM8yQAAAAM,musician,48
X2Np0ut-dxP-27TsU9aaAgAAAAE,body,5
X2NiqjMv@m4q5-9N21kRxwAAAAE,body,9
X08749bX3pGpllTnHS2HggAAAAM,seminude,51
X2NSqP7MaFyMZggcrk9MjQAAAAI,dog,42
X2M9y1sRbljF0o8I5FWDlwAAAAE,body,62
X2M9y1sRbljF0o8I5FWDlwAAAAE,seminude,19
X2M9y1sRbljF0o8I5FWDlwAAAAE,evil-omen,33
X2M9y1sRbljF0o8I5FWDlwAAAAE,group,15
X1oq2TUxRKLOA5Jk9hkpUQAAAAU,body,5
X1oq2TUxRKLOA5Jk9hkpUQAAAAU,seminude,32
X2M-ayQUlJiXf9DqJxNs5QAAAAA,body,649
X2M9y1sRbljF0o8I5FWDlwAAAAE,body,3296
X2M15yy6YzGdrRCkiujZ-QAAAAE,video-fashion,14
X2M15yy6YzGdrRCkiujZ-QAAAAE,video-fashion,2
X2MwbnGZu1K6fi7Fg56YGgAAAAA,model-and-actor,13
X2Gpk@amli8Ur81JA0TakQAAAAM,artwork-dark,25
X1BksyvK-vpe58M@w2s77wAAAAI,person,32
X2Mbkc@JWOkKm4aIBpZvlwAAAAE,body,13
X2MZSP@VQILxz8RArNnn4gAAAAM,withyou,6
X2MWMGvhgkHKx9e4WPGGZwAAAAQ,artwork-creative-h-and-m,13
X168E5utsL55Jxx0wCHMBAAAAAQ,video-excercise,26
X168E5utsL55Jxx0wCHMBAAAAAQ,video-fashion,19
X168E5utsL55Jxx0wCHMBAAAAAQ,video-entertainment,14
X168E5utsL55Jxx0wCHMBAAAAAQ,food,8
X2MHJ4mlKZFmJH6WUjs7swAAAAM,person,14
X2MHJ4mlKZFmJH6WUjs7swAAAAM,zoo,19
X2L515epLfkd5eJ1TjHlIwAAAAE,group,99
X2L515epLfkd5eJ1TjHlIwAAAAE,kids,14
X2L515epLfkd5eJ1TjHlIwAAAAE,person,26
X2L515epLfkd5eJ1TjHlIwAAAAE,kids,13
X2L515epLfkd5eJ1TjHlIwAAAAE,seminude,42
X2L515epLfkd5eJ1TjHlIwAAAAE,4050,25
X2Lw6R-YFhV3FJJsuj-bXwAAAAE,artwork-dark,13
X2LvNNPg1CCpC0zXT3ZMXwAAAAE,body,6
X2LvNNPg1CCpC0zXT3ZMXwAAAAE,body,74
X2LvNNPg1CCpC0zXT3ZMXwAAAAE,seminude,19
X2LvNNPg1CCpC0zXT3ZMXwAAAAE,model-and-actor,13
X2LvNNPg1CCpC0zXT3ZMXwAAAAE,seminude,2
X2LuW3Znwr1KnXKow6YBuAAAAAA,body,32
X2Lrt0mx@ZR2AqVktZg3CgAAAAA,bj,5
X2LqvfOvKeJNPLgdPTbpLgAAAAE,ceo,2
X2Leu2EkzP0Rwh9BdGdUmAAAAAI,dog,50
X2LVUAvMf41FIUfb5uvNWgAAAAA,wedding,5
X2LVUAvMf41FIUfb5uvNWgAAAAA,video-wedding,86
X2LVUAvMf41FIUfb5uvNWgAAAAA,ceo,5
X2LA1v@hoqws-mjqicS8zgAAAAI,body,13
X2LA1v@hoqws-mjqicS8zgAAAAI,ceo,18
X2LA1v@hoqws-mjqicS8zgAAAAI,product,19
X2KvDE9KWSSC0q7V-tOlLQAAAAA,wedding,5
X2CBr4iVni81vDuIJblMsAAAAAE,food,9
X2KNb2A-ic3F6AXiPypJsQAAAAQ,model-and-actor,9
X2ItHqJMD1R5MTBwzjsBcgAAAAE,cat,9
X2IESbOprDMk0zGIOnL2OQAAAAM,kids,5
X2IESbOprDMk0zGIOnL2OQAAAAM,event,8
X2HwW0fFFbLsjFqfkCiHOgAAAAI,group,42
X2HwW0fFFbLsjFqfkCiHOgAAAAI,body,33
X2HwW0fFFbLsjFqfkCiHOgAAAAI,4050,18
X2HwW0fFFbLsjFqfkCiHOgAAAAI,model-and-actor,73
X2HwW0fFFbLsjFqfkCiHOgAAAAI,group,33
X2HwW0fFFbLsjFqfkCiHOgAAAAI,seminude,14
X2G4-2VKfauY-usZ8r7DpwAAAAE,dog,87
X2HcBZC6ngjaER@UPQsiRQAAAAA,dog,16
X2HPHsmj@KojYQTR-vptYwAAAAA,artwork-dark,162
X2HPHsmj@KojYQTR-vptYwAAAAA,wedding,8
X2HPHsmj@KojYQTR-vptYwAAAAA,video-excercise,2
X2HPHsmj@KojYQTR-vptYwAAAAA,video-club,3
X2HPHsmj@KojYQTR-vptYwAAAAA,video-fashion,2
X2HPHsmj@KojYQTR-vptYwAAAAA,video-music,3
X2HPHsmj@KojYQTR-vptYwAAAAA,video-club,2
X2HPHsmj@KojYQTR-vptYwAAAAA,video-excercise,2
X2HPHsmj@KojYQTR-vptYwAAAAA,video-entertainment,13
X2HPHsmj@KojYQTR-vptYwAAAAA,video-sketch,2
X2HNeFZNkzpmeHr08Q62AwAAAAA,ceo,13
X2HNeFZNkzpmeHr08Q62AwAAAAA,wedding,3
X2HNeFZNkzpmeHr08Q62AwAAAAA,ceo,41
X2HK-s3pM-RuSoovDVTFdQAAAAE,dog,26
X2HIyV61FdKrTKc4aV6MHwAAAAE,withyou,5
X2HHIN9PAjAfyEfURHVYNwAAAAA,model-and-actor,18
X2HFmqEzxLSuPVauP0nbGgAAAAE,withyou,146
X2HBTeujPymIbx6dADrQjgAAAAM,product,26
X2G6GShwGrlK55yNKVbXmwAAAAA,product,42
X2G511kZXU13d0hBgf@kZQAAAAA,video-wedding,32
X2G511kZXU13d0hBgf@kZQAAAAA,video-fashion,42
X2G511kZXU13d0hBgf@kZQAAAAA,video-sketch,13
X2G4-2VKfauY-usZ8r7DpwAAAAE,dog,19
X2G4-2VKfauY-usZ8r7DpwAAAAE,dog,9
X2G4-2VKfauY-usZ8r7DpwAAAAE,dog,19
X2G4-2VKfauY-usZ8r7DpwAAAAE,withyou,18
X2GgEByBM1WNNziaNXq8KwAAAAE,body,2
X2GZwaFgi54jGK9s03YJfwAAAAA,body,18
X2GYbpiGB1XviB9mzs3RtQAAAAM,body,51
X2F5hSslvlynzaqWUGLPrAAAAAA,ceo,51
X2F5hSslvlynzaqWUGLPrAAAAAA,person,2
X2Fh0ESbDmKJO2yNDnOnegAAAAM,model-and-actor,2
X2FeB@jmgeVYkop5Mrl1FAAAAAI,bj,13
X2FeB@jmgeVYkop5Mrl1FAAAAAI,group,208
X2FeB@jmgeVYkop5Mrl1FAAAAAI,product,3
X2FeB@jmgeVYkop5Mrl1FAAAAAI,model-and-actor,51
X2FeB@jmgeVYkop5Mrl1FAAAAAI,ceo,85
X2BvPTjWGVvhuy2JzMwpygAAAAM,body,9
X2FXAPbls48oxhL18@2czQAAACU,body,18
X08749bX3pGpllTnHS2HggAAAAM,seminude,3
X08749bX3pGpllTnHS2HggAAAAM,seminude,13
X08749bX3pGpllTnHS2HggAAAAM,ceo,18
X2EhghVmD-ywwcSLId9GQwAAAAE,lookbook,41
X2EhghVmD-ywwcSLId9GQwAAAAE,ceo,14
X2EhghVmD-ywwcSLId9GQwAAAAE,seminude,8
X2EhghVmD-ywwcSLId9GQwAAAAE,person,13
X2EhghVmD-ywwcSLId9GQwAAAAE,bj,13
X2EhghVmD-ywwcSLId9GQwAAAAE,person,5
X2EhghVmD-ywwcSLId9GQwAAAAE,group,6
X2EhghVmD-ywwcSLId9GQwAAAAE,location,2
X2EhghVmD-ywwcSLId9GQwAAAAE,seminude,3
X2EhghVmD-ywwcSLId9GQwAAAAE,body,6
X2EhghVmD-ywwcSLId9GQwAAAAE,couple,6
X2EhghVmD-ywwcSLId9GQwAAAAE,kids,2
X2EhghVmD-ywwcSLId9GQwAAAAE,4050,8
X2EhghVmD-ywwcSLId9GQwAAAAE,artwork-creative-h-and-m,14
X2EhghVmD-ywwcSLId9GQwAAAAE,artwork-creative-h-and-m,13
X2EhghVmD-ywwcSLId9GQwAAAAE,musician,26
X2C84o2bQ8YEPDzpAp4STwAAAAM,dog,19
X2C2HYCJDUeEodCppNMRSQAAAAE,wedding,13
X2Ckwwg15SWEDV3Lnk8pzQAAAAM,body,1
X2CjxXCpJopTvQ0SxMwCjQAAAAU,musician,3
X2CjxXCpJopTvQ0SxMwCjQAAAAU,kids,2
X2CjxXCpJopTvQ0SxMwCjQAAAAU,location,33
X2CjxXCpJopTvQ0SxMwCjQAAAAU,seminude,6
X2CjxXCpJopTvQ0SxMwCjQAAAAU,wedding,1
X2CjxXCpJopTvQ0SxMwCjQAAAAU,video-music,2
X2CjxXCpJopTvQ0SxMwCjQAAAAU,wedding,14
X2CimjWDMD8r--WlxfAQmAAAAAU,body,42
X2Ch6dL13WNjY79kl5szoQAAAAI,model-and-actor,3
X2CS1LTDaTUWn4iRW1yYbwAAAAE,dog,2
X2CO9M8cfzRpeQvjY-G8nwAAAAA,seminude,10
X2CO9M8cfzRpeQvjY-G8nwAAAAA,body,42
X2CO9M8cfzRpeQvjY-G8nwAAAAA,artwork-dark,13
X2CO9M8cfzRpeQvjY-G8nwAAAAA,person,13
X2CO9M8cfzRpeQvjY-G8nwAAAAA,body,18
X2CNB3LENpuNekyhuHHGGQAAAAM,model-and-actor,19
X2CNB3LENpuNekyhuHHGGQAAAAM,ceo,6
X2CNB3LENpuNekyhuHHGGQAAAAM,person,19
X2CKQXTSkUAVzoJueL@xUgAAAAM,lookbook,18
X2Bz-P96rKurl6LiezPydAAAAAE,kids,2
X2BunIa@kRa3mn2EPocqFgAAAAQ,person,62
X2BunIa@kRa3mn2EPocqFgAAAAQ,landscape,51
X2BunIa@kRa3mn2EPocqFgAAAAQ,landscape,5
X2BunIa@kRa3mn2EPocqFgAAAAQ,lookbook,32
X2BunIa@kRa3mn2EPocqFgAAAAQ,uniform,6
X2BunIa@kRa3mn2EPocqFgAAAAQ,product,3
X2BunIa@kRa3mn2EPocqFgAAAAQ,fashionshow,25
X2BunIa@kRa3mn2EPocqFgAAAAQ,street,72
X2BkTZs3OFOX4H6Djl2BeAAAAAM,video-wedding,41
X2BkTZs3OFOX4H6Djl2BeAAAAAM,video-sketch,314
X2BkTZs3OFOX4H6Djl2BeAAAAAM,video-fashion,5
X2BkTZs3OFOX4H6Djl2BeAAAAAM,video-music,6
X2BkTZs3OFOX4H6Djl2BeAAAAAM,video-excercise,3
X2BkTZs3OFOX4H6Djl2BeAAAAAM,video-club,5
X2BkTZs3OFOX4H6Djl2BeAAAAAM,video-sketch,19
X2BkTZs3OFOX4H6Djl2BeAAAAAM,video-excercise,6
X2BkTZs3OFOX4H6Djl2BeAAAAAM,video-wedding,5
X2BkTZs3OFOX4H6Djl2BeAAAAAM,video-entertainment,5
X2BXjgD0HqZZM3YZpoWLNQAAAAM,dog,8
X2BGeyLxUUZn7ddexUoNwwAAAAE,couple,6
X2AdH4E-5PEWco6lYLGMcwAAAAI,product,33
X2AdH4E-5PEWco6lYLGMcwAAAAI,wedding,5
X2AdH4E-5PEWco6lYLGMcwAAAAI,video-excercise,32
X2AdH4E-5PEWco6lYLGMcwAAAAI,video-fashion,32
X2A64B0xNlxZwWswBubXqAAAAAI,zoo,1
X2A64B0xNlxZwWswBubXqAAAAAI,zoo,26
X2A64B0xNlxZwWswBubXqAAAAAI,zoo,18
X2A64B0xNlxZwWswBubXqAAAAAI,landscape,19
X2A64B0xNlxZwWswBubXqAAAAAI,zoo,6
X2A64B0xNlxZwWswBubXqAAAAAI,club,5
X2ArJsxku8yEbm2l@QHB9AAAAAU,product,9
X2AdH4E-5PEWco6lYLGMcwAAAAI,video-club,9
X2AdH4E-5PEWco6lYLGMcwAAAAI,video-sketch,32
X2AdH4E-5PEWco6lYLGMcwAAAAI,video-entertainment,41
X2AdH4E-5PEWco6lYLGMcwAAAAI,video-fashion,14
X2AdH4E-5PEWco6lYLGMcwAAAAI,video-excercise,8
X19DIK7vEYkRE@1AXoUGMQAAAAI,withyou,3
X19DIK7vEYkRE@1AXoUGMQAAAAI,dog,2
X1-UCpEm4oYBbV8QxAV@wAAAAAE,video-music,128
X1-UCpEm4oYBbV8QxAV@wAAAAAE,video-music,8
X1@Rv9VwTQYTJGxgGddoPAAAAAM,body,5
X1@PKhA@CUBSz2ukMljKigAAAAQ,body,9
X1@OtC9P2Dh5SQvagRn@PAAAAAE,person,8
X1@OXVMl-pBWRTJjdkMqNAAAAAQ,body,13
X1@KevXxKE93dH8aZ8GpSgAAAAE,body,51
X19DIK7vEYkRE@1AXoUGMQAAAAI,withyou,28
X19DIK7vEYkRE@1AXoUGMQAAAAI,dog,6
X19DIK7vEYkRE@1AXoUGMQAAAAI,withyou,14
X19DIK7vEYkRE@1AXoUGMQAAAAI,dog,35
X18@HWCSZJrarzH-COH2ygAAAAI,artwork-dark,19
X18@HWCSZJrarzH-COH2ygAAAAI,evil-omen,19
X18@HWCSZJrarzH-COH2ygAAAAI,portrait-strong,13
X18@HWCSZJrarzH-COH2ygAAAAI,good-omen,2
X18@HWCSZJrarzH-COH2ygAAAAI,artwork-creative-h-and-m,13
X18wamhbIFl1qejOYfTxNQAAAAQ,person,13
X18wamhbIFl1qejOYfTxNQAAAAQ,product,6
X18ubZMZl6lDAoX3SR3PEwAAAAI,body,18
X18ns6kOdECWv6WH2nGECQAAAAI,body,32
X18ns6kOdECWv6WH2nGECQAAAAI,body,2
X18ns6kOdECWv6WH2nGECQAAAAI,artwork-dark,9
X18eajAfqDhSqPJqnuxAeQAAAAQ,body,86
X18BBpoEMU832qOsT5BkxwAAAAM,location,19
X17vQ7WyYxh7BN-3zvvXZAAAAAI,ceo,18
X17ty@T2zfKnnheaM3RdOwAAAAA,body,26
X17YkjwD8GJwxyOm3nIBzQAAAAM,body,5
X17SWYnRcQ41WbckVmX6DwAAAAM,person,6
X17GueSdGGk84MKd2uylHwAAAAE,body,8
X168E5utsL55Jxx0wCHMBAAAAAQ,dog,32
X168E5utsL55Jxx0wCHMBAAAAAQ,food,8
X168E5utsL55Jxx0wCHMBAAAAAQ,portrait-strong,26
X168E5utsL55Jxx0wCHMBAAAAAQ,body,62
X1663FiDIMUPOpYYw8uxEQAAAAE,lookbook,21
X165HLd7NJojs8AH@7cLMQAAAAM,artwork-creative-h-and-m,2
X165HLd7NJojs8AH@7cLMQAAAAM,artwork-creative-h-and-m,2
X165HLd7NJojs8AH@7cLMQAAAAM,club,14
X165HLd7NJojs8AH@7cLMQAAAAM,person,50
X165HLd7NJojs8AH@7cLMQAAAAM,model-and-actor,13
X16s4AbzaRpgzWmSUp7BiQAAAAA,animalcompany,2
X16s4AbzaRpgzWmSUp7BiQAAAAA,dog,8
X16s4AbzaRpgzWmSUp7BiQAAAAA,animalcompany,42
X16eluweekbcaL95ATWxGAAAAAI,body,25
X149w4XrZUiC6gi3NZvatwAAAAE,lookbook,85
X149w4XrZUiC6gi3NZvatwAAAAE,seminude,23
X149w4XrZUiC6gi3NZvatwAAAAE,body,13
X149CJjwlNG7l5isYrtxKgAAAAE,lookbook,19
X149CJjwlNG7l5isYrtxKgAAAAE,person,6
X140-8ptuhyBjYxrFDV1-QAAAAM,person,8
X14zxlFCd-0H4LhQNQQ4OwAAAAQ,person,26
X14zxlFCd-0H4LhQNQQ4OwAAAAQ,model-and-actor,26
X14zxlFCd-0H4LhQNQQ4OwAAAAQ,body,26
X14zxlFCd-0H4LhQNQQ4OwAAAAQ,dog,19
X14zxlFCd-0H4LhQNQQ4OwAAAAQ,model-and-actor,5
X14zxlFCd-0H4LhQNQQ4OwAAAAQ,person,19
X14zxlFCd-0H4LhQNQQ4OwAAAAQ,musician,26
X14xu5LVcsMkTjV-D8zCHQAAAAM,model-and-actor,85
X14xu5LVcsMkTjV-D8zCHQAAAAM,model-and-actor,33
X14xu5LVcsMkTjV-D8zCHQAAAAM,person,32
X14wBhFrrWeVU0ue2fH--wAAAAE,dog,25
X14rNWvmovlVlVNQUhvS7QAAAAE,body,9
X14nf76rIT3skpPi@jz@DAAAAAM,body,2
X14nf76rIT3skpPi@jz@DAAAAAM,body,44
X14MtFgx23CDdlK5n0z8@gAAAAI,street,51
X14MtFgx23CDdlK5n0z8@gAAAAI,body,26
X14MtFgx23CDdlK5n0z8@gAAAAI,landscape,26
X14MtFgx23CDdlK5n0z8@gAAAAI,lookbook,62
X14MtFgx23CDdlK5n0z8@gAAAAI,food,52
X14MtFgx23CDdlK5n0z8@gAAAAI,uniform,26
X14MtFgx23CDdlK5n0z8@gAAAAI,product,8
X14JTZlOM7dp2TYOyJETAwAAAAI,dog,98
X1M3JTg3mEgL3x8j0aRZaQAAAAA,body,9
X13LPTMpv0AhDYD6n3lKnQAAAAI,body,33
X1252r3hxfcxmmK8UwK52AAAAAQ,lookbook,13
X12xMXf8gdefLEtoLtA8GgAAAAM,body,4
X12nNWKwMzOOvbMABhm3XAAAAAQ,body,18
X0zz9S4MK3Kh1b-2uaUKQgAAAAI,dog,51
X0zz9S4MK3Kh1b-2uaUKQgAAAAI,dog,265
X12Xck4OxnpkhpZ8zW0IuQAAAAE,lookbook,51
X08749bX3pGpllTnHS2HggAAAAM,lookbook,11
X1shMc70rdOEBv3RHwBF5gAAAAI,video-fashion,32
X1zQr2Ny2W0KhrfMXRZUwgAAAAA,body,2
X1zQr2Ny2W0KhrfMXRZUwgAAAAA,body,62
X1zQr2Ny2W0KhrfMXRZUwgAAAAA,body,32
X1zQr2Ny2W0KhrfMXRZUwgAAAAA,kids,8
X1zQr2Ny2W0KhrfMXRZUwgAAAAA,seminude,26
X1iu0X47vZeyr24tzvkrvgAAAAQ,model-and-actor,6
X1yxHzKTh7WUB6DCAugc6AAAAAM,body,51
X1obi2njpSUhAwMIsDQGtAAAAAU,dog,3
X1yYP8mBR3IisoRGR7LzQAAAAAA,dog,9
X1yEIAS75CpPSlY7MXbu9AAAAAE,seminude,9
X1x5O-tKFk0muUqeAOP4ZAAAAAQ,body,5
X1w1X-@tAoymRLRobj6WZAAAAAM,evil-omen,10
X1w1X-@tAoymRLRobj6WZAAAAAM,artwork-dark,2
X1w1X-@tAoymRLRobj6WZAAAAAM,wedding,13
X1wbqCdROYgSXYqULkY8AwAAAAA,seminude,51
X1wbqCdROYgSXYqULkY8AwAAAAA,body,99
X1wbqCdROYgSXYqULkY8AwAAAAA,person,72
X1v9CTIDgXvWwTuDU6VpcgAAAAI,body,32
X1v9CTIDgXvWwTuDU6VpcgAAAAI,seminude,52
X1v9CTIDgXvWwTuDU6VpcgAAAAI,person,62
X1vHIJvYzUzKHxE4lXy1cQAAAAA,person,32
X1vHIJvYzUzKHxE4lXy1cQAAAAA,body,63
X1vHIJvYzUzKHxE4lXy1cQAAAAA,4050,6
X1cTfipNmf3rn-94G86aVwAAAAI,dog,2
X1ulc1JPKjjYn4Wn677FiwAAAAI,ceo,26
X1ulc1JPKjjYn4Wn677FiwAAAAI,4050,6
X1ulc1JPKjjYn4Wn677FiwAAAAI,kids,5
X1ulc1JPKjjYn4Wn677FiwAAAAI,wedding,9
X1ulc1JPKjjYn4Wn677FiwAAAAI,evil-omen,8
X1ulc1JPKjjYn4Wn677FiwAAAAI,person,25
X1ulc1JPKjjYn4Wn677FiwAAAAI,ceo,19
X1uklPVhchma-5ZfAR8f0wAAAAE,body,26
X1uehBtCgTcyTNK87mKBkQAAAAQ,bj,8
X1uehBtCgTcyTNK87mKBkQAAAAQ,model-and-actor,9
X1uehBtCgTcyTNK87mKBkQAAAAQ,seminude,113
X1uehBtCgTcyTNK87mKBkQAAAAQ,lookbook,18
X1uehBtCgTcyTNK87mKBkQAAAAQ,body,32
X1uehBtCgTcyTNK87mKBkQAAAAQ,seminude,2
X1uDchhjdMw1TKndMDk1@wAAAAE,lookbook,9
X1uDO29twBmbn04XZI7ErAAAAAM,model-and-actor,33
X1uDO29twBmbn04XZI7ErAAAAAM,model-and-actor,2
X1oJ9OG7mX8TTI-gf6r2gQAAAAE,model-and-actor,35
X1te5rxEK9KxoFB6MBz9ewAAAAM,body,13
X1tcgfvz@XPayExq4QtySwAAAAA,body,19
X1tcgfvz@XPayExq4QtySwAAAAA,body,33
X1tcgfvz@XPayExq4QtySwAAAAA,person,8
X1s99jHrYof@s7MHQ1MP6gAAAAI,person,61
X1s99jHrYof@s7MHQ1MP6gAAAAI,dog,62
X1s4d0EbNy@Hf-HH61coNwAAAAA,withyou,32
X1s4d0EbNy@Hf-HH61coNwAAAAA,dog,5
X1slIz05IWZC54pQ@HPecAAAAAU,person,13
X1slIz05IWZC54pQ@HPecAAAAAU,panorama,41
X1slIz05IWZC54pQ@HPecAAAAAU,video-club,6
X1slIz05IWZC54pQ@HPecAAAAAU,group,26
X1slIz05IWZC54pQ@HPecAAAAAU,cat,26
X1sk986jwJwqH1vqMhvBIwAAAAQ,panorama,6
X1sk986jwJwqH1vqMhvBIwAAAAQ,panorama,8
X1sdS7xX7ZQySR67WDNF4wAAAAI,dog,8
X1sYyhW9hVMqg11GyyadwgAAAAM,animalcompany,14
X1sYyhW9hVMqg11GyyadwgAAAAM,dog,18
X1rXi@VLvfHIH8zjzNrQgwAAAAA,body,41
X1qfebp@yW3-t@XY33zTFgAAAAE,person,33
X1q6bUMsQMutCnIgIX7SrgAAAAI,model-and-actor,41
X1qfebp@yW3-t@XY33zTFgAAAAE,dog,18
X1qfebp@yW3-t@XY33zTFgAAAAE,dog,3
X1qfebp@yW3-t@XY33zTFgAAAAE,withyou,19
X1qaL69kHN3Uc66WPeNTWAAAAAQ,dog,2
X1qaL69kHN3Uc66WPeNTWAAAAAQ,dog,26
X1qaL69kHN3Uc66WPeNTWAAAAAQ,withyou,19
X1qLyCE0lsNhWOcz2B7vTwAAAAE,dog,9
X1qJeUCIRiHipZ3eYE2JwwAAAAQ,panorama,51
X1p9xRjZthvkbPz0jUdvGQAAAAM,body,33
X1p9dsOtJ34wPu24DiVTfQAAAAQ,artwork-creative-h-and-m,8
X1p9dsOtJ34wPu24DiVTfQAAAAQ,wedding,6
X1p9dsOtJ34wPu24DiVTfQAAAAQ,person,9
X1p9dsOtJ34wPu24DiVTfQAAAAQ,musician,25
X1p9dsOtJ34wPu24DiVTfQAAAAQ,evil-omen,2
X1p9dsOtJ34wPu24DiVTfQAAAAQ,artwork-dark,2
X1pIu7doL5102EY7P2PVugAAAAM,dog,9
X1pIu7doL5102EY7P2PVugAAAAM,dog,2
X1pF@dHIeTH5VD0o7xlzKQAAAAE,model-and-actor,6
X1pDwJJBUgTEel6HdOHw@QAAAAk,panorama,51
X1pDwJJBUgTEel6HdOHw@QAAAAk,tour,6
X1pDwJJBUgTEel6HdOHw@QAAAAk,lookbook,129
X1pC154UvaH1V9E0XvibSQAAAAA,dog,85
X1o4F79WQqljWoulVA3t@wAAAAM,dog,25
X1o-0pbEP05jgQEpIt4WhwAAAAU,withyou,86
X1o-0pbEP05jgQEpIt4WhwAAAAU,dog,61
X1o-0pbEP05jgQEpIt4WhwAAAAU,withyou,32
X1o-0pbEP05jgQEpIt4WhwAAAAU,person,33
X1o-0pbEP05jgQEpIt4WhwAAAAU,dog,19
X1o9TeK3CYHIA9CjKJOIWAAAAAU,dog,25
X1o4F79WQqljWoulVA3t@wAAAAM,dog,9
X1UVqoNRPOuyIoxR2aMGiAAAAAY,artwork-dark,25
X1UVqoNRPOuyIoxR2aMGiAAAAAY,artwork-dark,14
X1otKJ7pW20Lor0tM@v@DgAAAAM,dog,19
X1oq2TUxRKLOA5Jk9hkpUQAAAAU,body,3
X1oq2TUxRKLOA5Jk9hkpUQAAAAU,dog,6
X1oq2TUxRKLOA5Jk9hkpUQAAAAU,animalcompany,50
X1oq2TUxRKLOA5Jk9hkpUQAAAAU,dog,25
X1oq2TUxRKLOA5Jk9hkpUQAAAAU,body,19
X1oq2TUxRKLOA5Jk9hkpUQAAAAU,person,18
X1oovdvjZq1eQJc7iE3wRQAAAAA,dog,15
X1oop3xHSUtAF5FIwqoxzAAAAAQ,dog,74
X1ooWnBgE7NvvjXIz1gebAAAAAQ,dog,5
X1oncYc2SISDeyhykG9S8gAAAAE,dog,32
X1oncYc2SISDeyhykG9S8gAAAAE,dog,33
X1omrbaqihC5eCgZB1TwCwAAAAQ,person,19
X1omrbaqihC5eCgZB1TwCwAAAAQ,dog,19
X1omrbaqihC5eCgZB1TwCwAAAAQ,withyou,14
X1ogz5io@4nT48lE6-1yqAAAAAM,dog,26
X1oSdJyW3f44-91fsvCVjAAAAAI,dog,182
X1obi2njpSUhAwMIsDQGtAAAAAU,dog,19
X1oX1VCxJVPL21TDyyHDUQAAAAM,dog,18
X1oXkO7t14Exzc0UfSTgpAAAAAU,dog,18
X1oTGxvloy9Tdg@mmeEjewAAAAQ,dog,32
X1oS-12Gsrje-YHKjXJ9cAAAAAM,dog,6
X1oSdJyW3f44-91fsvCVjAAAAAI,dog,113
X1oRjOnquFmM7CJZBhrUeQAAAAI,dog,9
X1oREi1MKZz8tUhaWJ75wQAAAAA,dog,42
X1oIrq-sWFadqmNwH0-SbAAAAAI,dog,19
X1oIrq-sWFadqmNwH0-SbAAAAAI,dog,5
X1oIrq-sWFadqmNwH0-SbAAAAAI,animalcompany,14
X1oGc4dEnuPs9eGLgdVYvAAAAAA,dog,19
X1oFbsTJikZwgA0k4qQ3ogAAAAE,model-and-actor,13
X1oFbsTJikZwgA0k4qQ3ogAAAAE,model-and-actor,3
X1oFbsTJikZwgA0k4qQ3ogAAAAE,ceo,33
X1oFQG07qSgUi3Y4-ja7pQAAAAA,dog,1
X1oDUV9mD66RvvCAehasEgAAAAA,dog,16
X1n35fOXoKKAa@VvO2415AAAAAE,lookbook,5
X1n3dypjwgBzbW26561G1wAAAAM,person,9
X1n0fSivx-8gt0nfEPhlXgAAAAE,body,33
X1nggVrBc1KsNhHLsXH1YgAAAAE,dog,22
X1neeM6uxYgvGcF-vtWkIQAAAAI,ceo,113
X1muUqWF4dJa@N76J0HhMAAAAAQ,kids,14
X1iYEBG-d9mbmXaz01GNBgAAAAM,body,9
X1iYEBG-d9mbmXaz01GNBgAAAAM,model-and-actor,25
X1mA9bdJlW@y-aXdJvw2ggAAAAM,good-omen,14
X1mA9bdJlW@y-aXdJvw2ggAAAAM,panorama,19
X1mA9bdJlW@y-aXdJvw2ggAAAAM,portrait-strong,5
X1mA9bdJlW@y-aXdJvw2ggAAAAM,artwork-creative-h-and-m,4
X1mA9bdJlW@y-aXdJvw2ggAAAAM,artwork-dark,6
X1mA9bdJlW@y-aXdJvw2ggAAAAM,artwork-dark,9
X1mA9bdJlW@y-aXdJvw2ggAAAAM,artwork-creative-h-and-m,9
X1mA9bdJlW@y-aXdJvw2ggAAAAM,evil-omen,8
X1mA9bdJlW@y-aXdJvw2ggAAAAM,portrait-strong,9
X1l3nuUJ3L0z3E2u1DYeXgAAAAE,kids,2
X1l3nuUJ3L0z3E2u1DYeXgAAAAE,seminude,32
X1l3nuUJ3L0z3E2u1DYeXgAAAAE,body,25
X1l3nuUJ3L0z3E2u1DYeXgAAAAE,kids,14
X1l3nuUJ3L0z3E2u1DYeXgAAAAE,4050,9
X1l3nuUJ3L0z3E2u1DYeXgAAAAE,ceo,8
X1l3nuUJ3L0z3E2u1DYeXgAAAAE,4050,1
X1l2y6TPLK3uw7li1AFStwAAAAA,bj,5
X1l2y6TPLK3uw7li1AFStwAAAAA,model-and-actor,18
X1l2y6TPLK3uw7li1AFStwAAAAA,person,2
X1l2y6TPLK3uw7li1AFStwAAAAA,person,19
X1l2QYSn8SNgS45NzL8m6wAAAAM,body,33
X1l2QYSn8SNgS45NzL8m6wAAAAM,seminude,14
X1l2QYSn8SNgS45NzL8m6wAAAAM,dog,19
X1l1UDvEhS@2Tu101GIKEAAAAAA,body,62
X1lgUFf4T-Qk-HTZ2DqMawAAAAI,body,18
X1jfijpiYeIHnEeh@AaivAAAAAA,kids,2
X08749bX3pGpllTnHS2HggAAAAM,location,10
X08749bX3pGpllTnHS2HggAAAAM,body,2
X08749bX3pGpllTnHS2HggAAAAM,lookbook,19
X08749bX3pGpllTnHS2HggAAAAM,model-and-actor,19
X08749bX3pGpllTnHS2HggAAAAM,seminude,13
X08749bX3pGpllTnHS2HggAAAAM,body,33
X08749bX3pGpllTnHS2HggAAAAM,bj,9
X1kakXLRaK0TflM8rjX-tAAAAAI,musician,33
X1kakXLRaK0TflM8rjX-tAAAAAI,model-and-actor,63
X1kakXLRaK0TflM8rjX-tAAAAAI,model-and-actor,14
X1kakXLRaK0TflM8rjX-tAAAAAI,bj,18
X1kakXLRaK0TflM8rjX-tAAAAAI,body,32
X1kakXLRaK0TflM8rjX-tAAAAAI,video-fashion,9
X1kakXLRaK0TflM8rjX-tAAAAAI,model-and-actor,19
X1kakXLRaK0TflM8rjX-tAAAAAI,person,50
X1jvHYmfNGILQBo0Ns4wDQAAAAE,body,146
X1jgh4-PZIWtg@zdVbIZOQAAAAc,video-sketch,33
X1jgh4-PZIWtg@zdVbIZOQAAAAc,video-fashion,8
X1jgh4-PZIWtg@zdVbIZOQAAAAc,product,18
X1jgh4-PZIWtg@zdVbIZOQAAAAc,video-entertainment,32
X1jgh4-PZIWtg@zdVbIZOQAAAAc,artwork-dark,5
X1jgh4-PZIWtg@zdVbIZOQAAAAc,person,18
X1jgh4-PZIWtg@zdVbIZOQAAAAc,bj,25
X1jfijpiYeIHnEeh@AaivAAAAAA,kids,4
X1jfijpiYeIHnEeh@AaivAAAAAA,kids,2
X1jLs1qVHopdnvH8LwCnQQAAAAM,body,99
X1jG6AoVkDh-cXhybEW0ngAAAAQ,model-and-actor,5
X1jG6AoVkDh-cXhybEW0ngAAAAQ,body,33
X1jG6AoVkDh-cXhybEW0ngAAAAQ,seminude,9
X1jG6AoVkDh-cXhybEW0ngAAAAQ,body,8
X0zz9S4MK3Kh1b-2uaUKQgAAAAI,body,9
X0zz9S4MK3Kh1b-2uaUKQgAAAAI,body,2
X1i2G7jHDvL7cbqQn73GOwAAAAI,body,8
X1iv2pEaMKbkii4gWrxziAAAAAE,body,14
X1iq-qObCphYrTPgInbOMgAAAAA,dog,26
X1iq-qObCphYrTPgInbOMgAAAAA,dog,6
X1iqa-GK0qakBZf6EuDO8QAAAAE,dog,1
X1iqa-GK0qakBZf6EuDO8QAAAAE,dog,313
X1iqa-GK0qakBZf6EuDO8QAAAAE,dog,33
X1iqa-GK0qakBZf6EuDO8QAAAAE,withyou,129
X1iqa-GK0qakBZf6EuDO8QAAAAE,animalcompany,25
X1iqa-GK0qakBZf6EuDO8QAAAAE,zoo,14
X1iYEBG-d9mbmXaz01GNBgAAAAM,artwork-creative-h-and-m,3
X1iRq7TWSW-T17Y8HcbkWgAAAAA,ceo,9
X1iD5pWG54qjUfevu2HV4AAAAAE,seminude,222
X1iD5pWG54qjUfevu2HV4AAAAAE,body,513
X1iD5pWG54qjUfevu2HV4AAAAAE,person,18
X1hyJikPntpj@AUfkea6RgAAAAE,dog,14
X1ho5-kxAESWUoHNMWrWBQAAAAM,lookbook,33
X1hAD@b@cixfsPMRr5hjNQAAAAA,dog,2
X1guqWE3aAeSMoNmU40tYAAAAAE,video-wedding,9
X08749bX3pGpllTnHS2HggAAAAM,musician,41
X08749bX3pGpllTnHS2HggAAAAM,kids,14
X08749bX3pGpllTnHS2HggAAAAM,ceo,14
X08749bX3pGpllTnHS2HggAAAAM,4050,14
X08749bX3pGpllTnHS2HggAAAAM,seminude,19
X08749bX3pGpllTnHS2HggAAAAM,person,19
X1gjEaqJZac4@IOt0Hk9yAAAAAM,dog,8
X1ghWF@pnXzhZ2nuZ20p-wAAAAA,dog,26
X1ghWF@pnXzhZ2nuZ20p-wAAAAA,group,33
X1cAVJyeYObRqPXOHdxuVgAAAAI,seminude,99
X1cAVJyeYObRqPXOHdxuVgAAAAI,body,114
X1fdiZH9D@o0Y-D0ne0yAAAAAAA,body,27
X1ehvLAmUq9luKJ6Xupp4QAAAAI,person,13
X1M3JTg3mEgL3x8j0aRZaQAAAAA,model-and-actor,9
X1M3JTg3mEgL3x8j0aRZaQAAAAA,body,7
X03Ltbp7M3fnVT9s731FgAAAAAA,uniform,2
X1dw0GjyQP7N-5fkHMXS6QAAAAE,body,18
X1dw0GjyQP7N-5fkHMXS6QAAAAE,body,62
X1dw0GjyQP7N-5fkHMXS6QAAAAE,seminude,14
X1degAVHnFIQBcmg9vnXAAAAAAQ,body,2
X1degAVHnFIQBcmg9vnXAAAAAAQ,body,86
X1dQz75QJAC5WOskrj0YhwAAAAI,cat,26
X1dQz75QJAC5WOskrj0YhwAAAAI,dog,2
X1dKhbRo@@tgqrc81@QerwAAAAE,ceo,6
X03Ltbp7M3fnVT9s731FgAAAAAA,uniform,2
X1c4eQyzksSypBuR4vXWmgAAAAA,seminude,9
X1c4eQyzksSypBuR4vXWmgAAAAA,body,33
X1c3PKMVGyuyrIZBB1a28wAAAAM,lookbook,14
X1c3PKMVGyuyrIZBB1a28wAAAAM,animalcompany,13
X1cebthCD0bWD-XDCtxIjwAAAAI,withyou,41
X1cebthCD0bWD-XDCtxIjwAAAAI,product,99
X1cpKJ@4sQKwKXWofkP5AAAAAAE,withyou,14
X1cpKJ@4sQKwKXWofkP5AAAAAAE,person,14
X1cpKJ@4sQKwKXWofkP5AAAAAAE,dog,26
X1cm0PF9JIeup9H6Y5NUlAAAAAA,model-and-actor,6
X1ck6DDsj@J6SHZOrmpuhAAAAAQ,zoo,8
X1cebthCD0bWD-XDCtxIjwAAAAI,dog,32
X1cebthCD0bWD-XDCtxIjwAAAAI,model-and-actor,42
X1cebthCD0bWD-XDCtxIjwAAAAI,dog,32
X1cebthCD0bWD-XDCtxIjwAAAAI,product,50
X1cebthCD0bWD-XDCtxIjwAAAAI,withyou,393
X1cbJ26GhhKdEybanDnsdgAAAAA,person,14
X1cbJ26GhhKdEybanDnsdgAAAAA,lookbook,5
X1cZT47ZgECmEaMFWfIMpgAAAAQ,animalcompany,9
X1cZT47ZgECmEaMFWfIMpgAAAAQ,dog,19
X1cZT47ZgECmEaMFWfIMpgAAAAQ,dog,3
X1cZT47ZgECmEaMFWfIMpgAAAAQ,withyou,2
X1cUwapkLe5A-ZMce154@QAAAAE,body,19
X1cLds98ThJlVC6n8FVafgAAAAE,uniform,9
X1cAVJyeYObRqPXOHdxuVgAAAAI,body,41
X1cAVJyeYObRqPXOHdxuVgAAAAI,body,19
X1cAVJyeYObRqPXOHdxuVgAAAAI,seminude,51
X1b-4IH5rhfMLlOskZ4SMAAAAAE,model-and-actor,13
X1b9xCd6E-XXUXjl50tCeQAAAAE,body,3
X1bytUnFxtQigdsQ4TjY-wAAAAA,wedding,42
X1bytUnFxtQigdsQ4TjY-wAAAAA,lookbook,2
X1bytUnFxtQigdsQ4TjY-wAAAAA,uniform,26
X1bytUnFxtQigdsQ4TjY-wAAAAA,landscape,9
X1bytUnFxtQigdsQ4TjY-wAAAAA,uniform,19
X1bytUnFxtQigdsQ4TjY-wAAAAA,seminude,18
X1bytUnFxtQigdsQ4TjY-wAAAAA,uniform,14
X1bytUnFxtQigdsQ4TjY-wAAAAA,musician,19
X1bytUnFxtQigdsQ4TjY-wAAAAA,lookbook,117
X1bytUnFxtQigdsQ4TjY-wAAAAA,model-and-actor,33
X1bytUnFxtQigdsQ4TjY-wAAAAA,wedding,7
X0zz9S4MK3Kh1b-2uaUKQgAAAAI,lookbook,8
X1brjztClWED7DLRxRPSyAAAAAA,dog,50
X1brjztClWED7DLRxRPSyAAAAAA,withyou,32
X1brjztClWED7DLRxRPSyAAAAAA,dog,3
X1brjztClWED7DLRxRPSyAAAAAA,cat,26
X1bp661g3d5OBUAGb1kgOwAAAAA,body,32
X1blouGSuxE9S1imH23BzwAAAAA,person,51
X1W5OZqV@GwGM9qfK6lylQAAAAE,body,62
X1W5OZqV@GwGM9qfK6lylQAAAAE,model-and-actor,43
X1bD98Ucj4MuHNkAHXso6wAAABA,lookbook,3
X1M3JTg3mEgL3x8j0aRZaQAAAAA,model-and-actor,33
X1M3JTg3mEgL3x8j0aRZaQAAAAA,body,26
X1M3JTg3mEgL3x8j0aRZaQAAAAA,person,52
X1M3JTg3mEgL3x8j0aRZaQAAAAA,model-and-actor,9
X1aPpC4AzVHUCn4NWsFudQAAAAE,model-and-actor,33
X1aPpC4AzVHUCn4NWsFudQAAAAE,body,28
X03Ltbp7M3fnVT9s731FgAAAAAA,uniform,51
X1ZJA0A4yuTIjAsG2cmokgAAAAQ,kids,98
X1Y-vsjG1ipQOWyXsUmwvAAAAAE,seminude,26
X1Y-vsjG1ipQOWyXsUmwvAAAAAE,body,42
X1Y4IKxW00QZQ0g4Jci9BAAAAAA,group,8
X1Y4IKxW00QZQ0g4Jci9BAAAAAA,body,19
X1Y4IKxW00QZQ0g4Jci9BAAAAAA,seminude,9
X1Yrj9S01D4BPyeYNbcFQgAAAAE,seminude,9
X1Yrj9S01D4BPyeYNbcFQgAAAAE,body,25
X1YKbEQH5QKZ5@NWwIV4VgAAAAQ,body,13
X1YKbEQH5QKZ5@NWwIV4VgAAAAQ,body,19
X1YKbEQH5QKZ5@NWwIV4VgAAAAQ,seminude,6
X1YKbEQH5QKZ5@NWwIV4VgAAAAQ,body,9
X1YKbEQH5QKZ5@NWwIV4VgAAAAQ,person,18
X1YBvYLrlp3@kok@BXud6AAAAAU,video-club,25
X1YBQ9fWH1ofWVJYG61KbQAAAAM,model-and-actor,14
X1YBQ9fWH1ofWVJYG61KbQAAAAM,body,61
X1YBMTGv3a6Ce@PGzC0U4wAAAAM,model-and-actor,5
X1YBMTGv3a6Ce@PGzC0U4wAAAAM,musician,19
X1X1cuc3IElDMyECMYwGQgAAAAE,body,13
X1XzcVxiRYPsVSn3wbTwegAAAAA,person,61
X1XzcVxiRYPsVSn3wbTwegAAAAA,body,61
X1XvOBcfaPXrGgHkd4@sEAAAAAM,model-and-actor,18
X1XvOBcfaPXrGgHkd4@sEAAAAAM,person,33
X1XvOBcfaPXrGgHkd4@sEAAAAAM,person,41
X1Xtv1qOVm@C6WbBlHYYPwAAAAM,body,13
X1Xtv1qOVm@C6WbBlHYYPwAAAAM,product,2
X1Xtv1qOVm@C6WbBlHYYPwAAAAM,panorama,4
X1Xtv1qOVm@C6WbBlHYYPwAAAAM,lookbook,6
X1Xtv1qOVm@C6WbBlHYYPwAAAAM,product,5
X1Xtv1qOVm@C6WbBlHYYPwAAAAM,seminude,5
X1Xrb7f1wyCo9QMvXN2yDAAAAAA,4050,8
X1Xrb7f1wyCo9QMvXN2yDAAAAAA,person,32
X1Xrb7f1wyCo9QMvXN2yDAAAAAA,body,6
X1Xrb7f1wyCo9QMvXN2yDAAAAAA,person,13
X1Xrb7f1wyCo9QMvXN2yDAAAAAA,seminude,5
X1Xrb7f1wyCo9QMvXN2yDAAAAAA,4050,5
X1Xrb7f1wyCo9QMvXN2yDAAAAAA,model-and-actor,19
X1Xj0bY@kxEyDBx@gUAazAAAAAI,body,8
X1Xj0bY@kxEyDBx@gUAazAAAAAI,body,72
X1XcmVQujSzi1CesNWPxuAAAAAA,lookbook,5
X1XQh3ZTnAHnjWlMbNMjWgAAAAM,dog,29
X1FnWlD@Sw6QdjsuiJ5u2AAAAAU,bj,9
X1FnWlD@Sw6QdjsuiJ5u2AAAAAU,ceo,26
X1FnWlD@Sw6QdjsuiJ5u2AAAAAU,4050,14
X1FnWlD@Sw6QdjsuiJ5u2AAAAAU,model-and-actor,19
X1FnWlD@Sw6QdjsuiJ5u2AAAAAU,seminude,18
X1WfhL-rkQrmt3PYSig0tAAAAAE,body,2
X1WfhL-rkQrmt3PYSig0tAAAAAE,body,26
X1WfhL-rkQrmt3PYSig0tAAAAAE,person,2
X1UF1iuFt95Mq7D3aA7tnAAAAAE,body,13
X1T9RU9kDysCyxwi@VCdRgAAAAE,body,26
X1T9RU9kDysCyxwi@VCdRgAAAAE,person,19
X1T9RU9kDysCyxwi@VCdRgAAAAE,body,50
X1T5YRXhaXgwTvePDHypjgAAAAA,musician,13
X1T5YRXhaXgwTvePDHypjgAAAAA,model-and-actor,25
X1T0UkcUCTobFuLrgEcSxQAAAAI,dog,13
X1T0UkcUCTobFuLrgEcSxQAAAAI,model-and-actor,25
X1T0UkcUCTobFuLrgEcSxQAAAAI,body,25
X1T0UkcUCTobFuLrgEcSxQAAAAI,musician,25
X1T0UkcUCTobFuLrgEcSxQAAAAI,model-and-actor,19
X1TIeEys5pDwLnduF40hqQAAAAE,body,3
X1TEAfB8PH59xP8Pc8WC6wAAAAE,body,5
X1SrH@shgFct-qTgW-RegQAAAAA,product,86
X1Sj3g6mqRyrAeHLIuarRgAAAAM,body,33
X1SjiEgb-teiB11nLYQEPgAAAAA,lookbook,41
X1SjiEgb-teiB11nLYQEPgAAAAA,video-fashion,9
X1RuEXWFnsWKp-unsudffAAAAAI,dog,19
X1RuEXWFnsWKp-unsudffAAAAAI,dog,2
X1RuEXWFnsWKp-unsudffAAAAAI,animalcompany,19
X1RdwpxhkoC4Hh1Pt@v@7QAAAAI,cat,33
X1RdwpxhkoC4Hh1Pt@v@7QAAAAI,dog,9
X1RJ6uxpH4-mnpPxqNBpkwAAAAQ,body,42
X1RASgY8l0UUtf5LLSOSCgAAAAI,cat,32
X1RASgY8l0UUtf5LLSOSCgAAAAI,dog,8
X08749bX3pGpllTnHS2HggAAAAM,body,41
X1Pli7DHB439M8GF5nl2@gAAAAE,artwork-creative-h-and-m,18
X1Pli7DHB439M8GF5nl2@gAAAAE,body,9
X1Pli7DHB439M8GF5nl2@gAAAAE,seminude,6
X1Pli7DHB439M8GF5nl2@gAAAAE,lookbook,18
X1PlNjhEkLR99PVdRIb9qQAAAAU,artwork-creative-h-and-m,8
X1PlNjhEkLR99PVdRIb9qQAAAAU,artwork-creative-h-and-m,8
X1OupInYFsAtrarA8XxBpAAAAAI,musician,6
X1OqO9gdYNOjYTyddjs9YgAAAAE,seminude,14
X1OqO9gdYNOjYTyddjs9YgAAAAE,body,18
X1OoaDZyrXqfLwZA5iGMIgAAAAI,seminude,9
X1OoMrjc7KcWXIViu8U4WgAAAAU,model-and-actor,32
X1Omn1QcHE1N8G1HTFIl5AAAAAU,body,25
X1Ola4xC2c3eX4YeFzFhZwAAAAQ,model-and-actor,26
X1OksC@KcQotumcEfq-pxgAAAAE,dog,19
X1M3JTg3mEgL3x8j0aRZaQAAAAA,body,19
X1NvwoPBAjL3nAu9IAvb@AAAAAA,dog,18
X1NpUx0pf6cWQH7DzW7GkwAAAAI,body,33
X1No@Jm6lIKLz5htqv9Y7QAAAAA,ceo,13
X1NCKJNtXCKpnvSFINPwlgAAAAM,product,6
X1NCKJNtXCKpnvSFINPwlgAAAAM,lookbook,33
X1M5plJaW7yeFO8C2Fq7RQAAAAI,seminude,19
X1M5plJaW7yeFO8C2Fq7RQAAAAI,body,14
X1M5plJaW7yeFO8C2Fq7RQAAAAI,person,6
X1M3JTg3mEgL3x8j0aRZaQAAAAA,body,34
X1M3JTg3mEgL3x8j0aRZaQAAAAA,person,73
X1M3JTg3mEgL3x8j0aRZaQAAAAA,model-and-actor,26
X1M3JTg3mEgL3x8j0aRZaQAAAAA,person,33
X1M3JTg3mEgL3x8j0aRZaQAAAAA,group,61
X1M3JTg3mEgL3x8j0aRZaQAAAAA,person,33
X1M3JTg3mEgL3x8j0aRZaQAAAAA,person,32
X1MnzXqvRVAl045GSHe85gAAAAQ,body,18
X1MiHMa2JJT0ykQLopxTSgAAAAQ,seminude,8
X1MiHMa2JJT0ykQLopxTSgAAAAQ,body,25
X1MHtRJ4tL2jEW4cJi7DKAAAAAA,model-and-actor,3
X1MHtRJ4tL2jEW4cJi7DKAAAAAA,model-and-actor,33
X1MHtRJ4tL2jEW4cJi7DKAAAAAA,seminude,25
X1MDgE8cQ8cgf75s14vfwAAAAAM,dog,9
X1MDKPAUmmaoAt8nxauZvgAAAAI,artwork-dark,8
X1MDKPAUmmaoAt8nxauZvgAAAAI,dog,13
X1MDKPAUmmaoAt8nxauZvgAAAAI,uniform,9
X1L5od5BCZJ1Xr@tuTHNsQAAAAI,dog,8
X1Lsl6EU0mcuoKPpeE24mwAAAAA,seminude,9
X1LsabtipR8GBo6iAQPbmwAAAAA,model-and-actor,8
X1LkX7Vv9XY4bLP3yEa2OwAAAAE,body,27
X1LDZEyIziiOdg2DaJt6VgAAAAQ,seminude,19
X1LDZEyIziiOdg2DaJt6VgAAAAQ,body,30
X1KMVt3ADa41U0enJmt1oAAAAAA,body,13
X1KMVt3ADa41U0enJmt1oAAAAAA,body,6
X1KMVt3ADa41U0enJmt1oAAAAAA,seminude,9
X1JrrCKXfgqyZAEdaDWB4QAAAAI,withyou,25
X1JrrCKXfgqyZAEdaDWB4QAAAAI,dog,2
X1JrrCKXfgqyZAEdaDWB4QAAAAI,cat,20
X1JrrCKXfgqyZAEdaDWB4QAAAAI,animalcompany,9
X1JqgDXXi0GdYCuHpaI-3gAAAAA,kids,42
X1JgFC@rZaJzJZDdO1o@jQAAAAA,ceo,13
X1JfV9ZlTFouOHGJrL@IcAAAAAA,model-and-actor,8
X03Ltbp7M3fnVT9s731FgAAAAAA,uniform,2
X1JKahsIBqMIZygP3Q7@yQAAAAU,dog,33
X1I3YzpMRoFs-i6KsGxZ5QAAAAE,lookbook,13
X1I0tJnKyOsZxxhOpfXOCAAAAAI,body,51
X1Iuqn98HqHX@MWQHDSGQwAAAAM,body,8
X1IuBVhr5yz2KIPJ9jFc-AAAAAA,body,25
X1ETln98Nz1Fg2W-TnRaUAAAAAI,body,2
X1IKfMJq37xiCJKlgQ-1IwAAAAA,body,8
X1ETln98Nz1Fg2W-TnRaUAAAAAI,body,13
X1ETln98Nz1Fg2W-TnRaUAAAAAI,person,14
X1ETln98Nz1Fg2W-TnRaUAAAAAI,seminude,5
X1ETln98Nz1Fg2W-TnRaUAAAAAI,body,13
X1ETln98Nz1Fg2W-TnRaUAAAAAI,bj,13
X1ETln98Nz1Fg2W-TnRaUAAAAAI,model-and-actor,19
X1H@@ME-VGnGOa7m7DkqFgAAAAU,dog,2
X1HkFUTOvnQbnu4tQ5NOtgAAAAM,person,50
X1Hi-QFPcVw93ULuiquwFwAAAAA,person,5
X1HgiEv5EMaumGQIytdDWAAAAAM,dog,5
X1HUcalmUDV0fJD75BOWfQAAAAM,video-club,857
X1HUcalmUDV0fJD75BOWfQAAAAM,video-fashion,72
X1HUcalmUDV0fJD75BOWfQAAAAM,video-sketch,41
X1HUcalmUDV0fJD75BOWfQAAAAM,video-entertainment,114
X1HUQn2cE50htq-fbjdvogAAAAM,body,62
X1HUQn2cE50htq-fbjdvogAAAAM,seminude,19
X1HHKz93OSiPkGPflSfQVQAAAAM,seminude,32
X1HHKz93OSiPkGPflSfQVQAAAAM,seminude,19
X1HHKz93OSiPkGPflSfQVQAAAAM,body,5
X1HE4liodgyNgsFuui@tmwAAAAM,dog,114
X1G4eTFmxxUNgmBFtJio7QAAAAQ,seminude,13
X1G4eTFmxxUNgmBFtJio7QAAAAQ,body,25
X1G4eTFmxxUNgmBFtJio7QAAAAQ,body,3
X1GV3jzP2LcSXPuUq5qoIwAAAAE,lookbook,18
X1GV3jzP2LcSXPuUq5qoIwAAAAE,product,34
X1GV3jzP2LcSXPuUq5qoIwAAAAE,model-and-actor,19
X1GQkhxvv8bobWskueXshgAAAAI,bj,18
X1GQkhxvv8bobWskueXshgAAAAI,body,26
X1GQkhxvv8bobWskueXshgAAAAI,4050,99
X1GQkhxvv8bobWskueXshgAAAAI,person,5
X1GQkhxvv8bobWskueXshgAAAAI,body,62
X1GQkhxvv8bobWskueXshgAAAAI,group,33
X1GQkhxvv8bobWskueXshgAAAAI,person,42
X1GQkhxvv8bobWskueXshgAAAAI,couple,6
X1FpFG6AjvjYddehzMWEbQAAAAE,body,5
X1FnWlD@Sw6QdjsuiJ5u2AAAAAU,fashionshow,42
X1FnWlD@Sw6QdjsuiJ5u2AAAAAU,model-and-actor,73
X1FnWlD@Sw6QdjsuiJ5u2AAAAAU,street,8
X1FXsKhnhClTUQf00UX7zwAAAAM,dog,33
X1ETln98Nz1Fg2W-TnRaUAAAAAI,seminude,41
X1ETln98Nz1Fg2W-TnRaUAAAAAI,person,64
X1ETln98Nz1Fg2W-TnRaUAAAAAI,body,8
X1ETln98Nz1Fg2W-TnRaUAAAAAI,model-and-actor,18
X1ETln98Nz1Fg2W-TnRaUAAAAAI,person,1
X1ETln98Nz1Fg2W-TnRaUAAAAAI,model-and-actor,21
X1ETln98Nz1Fg2W-TnRaUAAAAAI,body,5
X1ETln98Nz1Fg2W-TnRaUAAAAAI,seminude,9
X1ETln98Nz1Fg2W-TnRaUAAAAAI,person,39
X1ETln98Nz1Fg2W-TnRaUAAAAAI,body,5
X1EPNoIczMcOxU2SxZ5G1AAAAAE,body,19
X1EHkHVQajQuJBIbJYElQQAAAAA,person,14
X1EHkHVQajQuJBIbJYElQQAAAAA,dog,42
X1EHkHVQajQuJBIbJYElQQAAAAA,animalcompany,9
X1EHkHVQajQuJBIbJYElQQAAAAA,dog,18
X1D6ylG0AHaXXz@5SGn11gAAAAE,video-fashion,26
X1DzGcKUTNpLLpifkA1gxgAAAAE,person,26
X1DzGcKUTNpLLpifkA1gxgAAAAE,body,18
X1DzGcKUTNpLLpifkA1gxgAAAAE,body,14
X1DzGcKUTNpLLpifkA1gxgAAAAE,model-and-actor,18
X1DzGcKUTNpLLpifkA1gxgAAAAE,seminude,9
X1DzGcKUTNpLLpifkA1gxgAAAAE,body,14
X1DzGcKUTNpLLpifkA1gxgAAAAE,lookbook,13
X1DxduJIVxMW4eJ5TArJKAAAAAU,model-and-actor,14
X1DxduJIVxMW4eJ5TArJKAAAAAU,body,5
X1DtxnH5ujrwbJeB6cVknwAAAAY,model-and-actor,5
X1C1MzVBfZPnDT-7ewsTAgAAAAA,dog,14
X0zz9S4MK3Kh1b-2uaUKQgAAAAI,withyou,8
X0zz9S4MK3Kh1b-2uaUKQgAAAAI,dog,9
X03@eF8bHqtstq7n6J3l4AAAAAE,dog,32
X1CUDBeQfLt5GeUf0eSdQgAAAAM,couple,7
X1CUDBeQfLt5GeUf0eSdQgAAAAM,dog,2
X1CUDBeQfLt5GeUf0eSdQgAAAAM,withyou,35
X1B18-qba5tx6slfJ2wvgwAAAAA,body,25
X1B18-qba5tx6slfJ2wvgwAAAAA,body,6
X1B18-qba5tx6slfJ2wvgwAAAAA,uniform,8
X1B18-qba5tx6slfJ2wvgwAAAAA,lookbook,6
X1B18-qba5tx6slfJ2wvgwAAAAA,seminude,13
X1B18-qba5tx6slfJ2wvgwAAAAA,model-and-actor,9
X08749bX3pGpllTnHS2HggAAAAM,model-and-actor,2
X08749bX3pGpllTnHS2HggAAAAM,bj,13
X08749bX3pGpllTnHS2HggAAAAM,seminude,14
X08749bX3pGpllTnHS2HggAAAAM,seminude,13
X08749bX3pGpllTnHS2HggAAAAM,bj,9
X08749bX3pGpllTnHS2HggAAAAM,model-and-actor,18
X08749bX3pGpllTnHS2HggAAAAM,person,13
X08749bX3pGpllTnHS2HggAAAAM,model-and-actor,6
X08749bX3pGpllTnHS2HggAAAAM,seminude,28
X08749bX3pGpllTnHS2HggAAAAM,bj,3
X1B0TQv3VnOwBRC9QpWu5QAAAAI,dog,36
X1B0TQv3VnOwBRC9QpWu5QAAAAI,dog,19
X1BzRADn5MC2L@lqm17pbAAAAAE,lookbook,5
X1BsMjf4bnb@5zUDyFLrggAAAAI,dog,3
X1BBP-9RJViGV-W33eigDQAAAAI,person,33
X1BBP-9RJViGV-W33eigDQAAAAI,model-and-actor,32
X1BBP-9RJViGV-W33eigDQAAAAI,bj,19
X1BBP-9RJViGV-W33eigDQAAAAI,model-and-actor,8
X1Ayl5myoEcP89M5J51BuAAAAAE,evil-omen,13
X1Ayl5myoEcP89M5J51BuAAAAAE,lookbook,72
X1Ayl5myoEcP89M5J51BuAAAAAE,video-fashion,32
X1Ayl5myoEcP89M5J51BuAAAAAE,body,5
X1Ayl5myoEcP89M5J51BuAAAAAE,seminude,13
X1Ayl5myoEcP89M5J51BuAAAAAE,animalcompany,8
X1Ayl5myoEcP89M5J51BuAAAAAE,good-omen,2
X1Ayl5myoEcP89M5J51BuAAAAAE,portrait-strong,25
X1Ayl5myoEcP89M5J51BuAAAAAE,good-omen,13
X1Ayl5myoEcP89M5J51BuAAAAAE,video-sketch,73
X1Ayl5myoEcP89M5J51BuAAAAAE,video-music,25
X1Ayl5myoEcP89M5J51BuAAAAAE,video-excercise,2
X1Ayl5myoEcP89M5J51BuAAAAAE,video-club,62
X1Ayl5myoEcP89M5J51BuAAAAAE,artwork-dark,5
X1Ayl5myoEcP89M5J51BuAAAAAE,artwork-creative-h-and-m,2
X1AMNlqOvFxvGMZwTISiKgAAAAM,body,6
X0@@njgyuXMdtRMtmK8E2QAAAAU,dog,86
X0@@njgyuXMdtRMtmK8E2QAAAAU,dog,42
X0@@njgyuXMdtRMtmK8E2QAAAAU,withyou,14
X0@2cNzGO2F6SQ3sP4GdYQAAAAE,dog,2
X0@2cNzGO2F6SQ3sP4GdYQAAAAE,person,8
X0@2cNzGO2F6SQ3sP4GdYQAAAAE,artwork-dark,5
X0@2cNzGO2F6SQ3sP4GdYQAAAAE,body,8
X0@2cNzGO2F6SQ3sP4GdYQAAAAE,seminude,8
X0@2cNzGO2F6SQ3sP4GdYQAAAAE,model-and-actor,19
X0@1B3kgJiYu8RUVXNhj8wAAAAM,landscape,2
X0@XSYYVML4VR8yjYeOH8wAAAAA,dog,41
X0@OVe08ZayzqcTVqaQccwAAAAM,dog,26
X0@J8jAVZdeta2Q5EY8cAgAAAAM,body,13
X0@CLyoo8PyYMXvZdIEjdQAAAAI,model-and-actor,9
X096jDwapvM7FclOUEAESQAAAAI,body,3
X09zqUI0YjRH@rVWTTDzmwAAAAQ,dog,50
X09xxrZk7qQlHxqL40gtsgAAAAE,dog,51
X09xo3UhL3EJ6WP3PWay0gAAAAE,dog,5
X09xo3UhL3EJ6WP3PWay0gAAAAE,dog,3
X09xo3UhL3EJ6WP3PWay0gAAAAE,animalcompany,19
X09xo3UhL3EJ6WP3PWay0gAAAAE,wedding,8
X09mXXcBLcpRIaFlwgssVgAAAAE,product,9
X09mXXcBLcpRIaFlwgssVgAAAAE,lookbook,6
X09mXXcBLcpRIaFlwgssVgAAAAE,artwork-dark,2
X09mXXcBLcpRIaFlwgssVgAAAAE,evil-omen,5
X09mXXcBLcpRIaFlwgssVgAAAAE,panorama,26
X09aR3UWdFeHaBuxhYQ81wAAAAA,video-excercise,2
X09X4jic7BOxpHTLuDKYuwAAAAI,video-excercise,2
X09Sj6Z-63bExxrdD-T8@wAAAAI,person,6
X09Sj6Z-63bExxrdD-T8@wAAAAI,lookbook,25
X09Sj6Z-63bExxrdD-T8@wAAAAI,seminude,25
X09Sj6Z-63bExxrdD-T8@wAAAAI,artwork-creative-h-and-m,13
X09Sj6Z-63bExxrdD-T8@wAAAAI,evil-omen,13
X09Sj6Z-63bExxrdD-T8@wAAAAI,person,26
X09Sj6Z-63bExxrdD-T8@wAAAAI,body,51
X09Sj6Z-63bExxrdD-T8@wAAAAI,4050,9
X09Sj6Z-63bExxrdD-T8@wAAAAI,model-and-actor,26
X09Sj6Z-63bExxrdD-T8@wAAAAI,bj,19
X09Sj6Z-63bExxrdD-T8@wAAAAI,location,9
X09Sj6Z-63bExxrdD-T8@wAAAAI,group,51
X09MqPsYC1AR2hAxhXbTPgAAAAE,model-and-actor,13
X09BjdiO3r2WOn8jvjGktQAAAAI,ceo,13
X089ZafTPD5AvJk19fmnmgAAAAI,ceo,9
X089ZafTPD5AvJk19fmnmgAAAAI,dog,8
X089ZafTPD5AvJk19fmnmgAAAAI,wedding,9
X089ZafTPD5AvJk19fmnmgAAAAI,first-birthday,2
X089ZafTPD5AvJk19fmnmgAAAAI,couple,1
X089ZafTPD5AvJk19fmnmgAAAAI,tour,3
X089ZafTPD5AvJk19fmnmgAAAAI,kids,8
X089ZafTPD5AvJk19fmnmgAAAAI,cat,6
X08749bX3pGpllTnHS2HggAAAAM,kids,8
X08749bX3pGpllTnHS2HggAAAAM,seminude,13
X08749bX3pGpllTnHS2HggAAAAM,seminude,9
X08749bX3pGpllTnHS2HggAAAAM,location,18
X08749bX3pGpllTnHS2HggAAAAM,seminude,2
X0858mWTJE@SD2y0X-kmcQAAAAA,body,8
X08saObFQAebts0kPWc47QAAAAE,kids,32
X08nMNFMYRA@dEPWpW@3wwAAAAA,video-excercise,51
X08QDmzNl69bm8z1hg1KjwAAAAA,body,86
X08QDmzNl69bm8z1hg1KjwAAAAA,person,9
X077elS1WHcl7Hks94TesAAAAAA,musician,10
X077elS1WHcl7Hks94TesAAAAAA,seminude,14
X077elS1WHcl7Hks94TesAAAAAA,lookbook,33
X077elS1WHcl7Hks94TesAAAAAA,ceo,18
X077elS1WHcl7Hks94TesAAAAAA,body,51
X077elS1WHcl7Hks94TesAAAAAA,artwork-dark,8
X077elS1WHcl7Hks94TesAAAAAA,artwork-creative-h-and-m,6
X077elS1WHcl7Hks94TesAAAAAA,good-omen,14
X077elS1WHcl7Hks94TesAAAAAA,product,19
X073RkJSuNkScyM0MCd-AwAAAAM,body,44
X073RkJSuNkScyM0MCd-AwAAAAM,seminude,6
X07Wnl7Gr9ugWj34-UCo5AAAAAM,person,14
X07F60YxDDNMBKgyIQtRNQAAAAU,model-and-actor,33
X055EVmPzUxEg3ZdkjRWoAAAAAE,video-wedding,113
X055EVmPzUxEg3ZdkjRWoAAAAAE,lookbook,98
X055EVmPzUxEg3ZdkjRWoAAAAAE,video-sketch,8
X055EVmPzUxEg3ZdkjRWoAAAAAE,video-entertainment,61
X055EVmPzUxEg3ZdkjRWoAAAAAE,person,61
X055EVmPzUxEg3ZdkjRWoAAAAAE,bj,50
X055EVmPzUxEg3ZdkjRWoAAAAAE,wedding,26
X055EVmPzUxEg3ZdkjRWoAAAAAE,couple,5
X055EVmPzUxEg3ZdkjRWoAAAAAE,tour,2
X055EVmPzUxEg3ZdkjRWoAAAAAE,first-birthday,6
X055EVmPzUxEg3ZdkjRWoAAAAAE,video-sketch,61
X055EVmPzUxEg3ZdkjRWoAAAAAE,video-club,8
X05Z31KXlTbCdQCr7nP5pAAAAAE,ceo,8
X05Z31KXlTbCdQCr7nP5pAAAAAE,body,86
X05Z31KXlTbCdQCr7nP5pAAAAAE,bj,18
X05Z31KXlTbCdQCr7nP5pAAAAAE,musician,32
X05Z31KXlTbCdQCr7nP5pAAAAAE,seminude,13
X05Z31KXlTbCdQCr7nP5pAAAAAE,person,8
X05Z31KXlTbCdQCr7nP5pAAAAAE,body,42
X05Z31KXlTbCdQCr7nP5pAAAAAE,person,62
X05Z31KXlTbCdQCr7nP5pAAAAAE,model-and-actor,18
X05Pwkyu7RuEgORPI6YQvQAAAAE,model-and-actor,19
X05Eei5fZP9VnZkt4KDHgAAAAAI,ceo,2
X05Eei5fZP9VnZkt4KDHgAAAAAI,body,26
X05Eei5fZP9VnZkt4KDHgAAAAAI,seminude,14
X05Eei5fZP9VnZkt4KDHgAAAAAI,model-and-actor,14
X05Eei5fZP9VnZkt4KDHgAAAAAI,ceo,8
X05Eei5fZP9VnZkt4KDHgAAAAAI,bj,8
X05CbCGa@ybFYWaJtPmeeAAAAAA,cat,8
X05CbCGa@ybFYWaJtPmeeAAAAAA,dog,43
X04-PaYPmWnMG8t-Ccks2wAAAAA,body,2
X04-PaYPmWnMG8t-Ccks2wAAAAA,body,18
X04-PaYPmWnMG8t-Ccks2wAAAAA,seminude,2
X0457H3kEY3lmifJjoRVNgAAAAM,body,26
X043K7w2cIOaKQ-dDPPaMwAAAAQ,model-and-actor,5
X04zwDcsaHPvOnSpdg4UKgAAAAU,body,62
X04x-6mLtOsHQ3vY2a7c2QAAAAM,body,51
X04qeGx3yUpN0R76gPZ15AAAAAA,model-and-actor,6
X04PLx5s3Cme@3-umaWvagAAAAA,body,42
X03@eF8bHqtstq7n6J3l4AAAAAE,animalcompany,14
X03@eF8bHqtstq7n6J3l4AAAAAE,dog,32
X03@eF8bHqtstq7n6J3l4AAAAAE,person,2
X03@eF8bHqtstq7n6J3l4AAAAAE,product,8
X03@eF8bHqtstq7n6J3l4AAAAAE,zoo,14
X03@eF8bHqtstq7n6J3l4AAAAAE,food,5
X03@eF8bHqtstq7n6J3l4AAAAAE,street,18
X03@eF8bHqtstq7n6J3l4AAAAAE,food,5
X03@eF8bHqtstq7n6J3l4AAAAAE,dog,2
X03br7ISU3FeKk8fax4CFQAAAAM,model-and-actor,42
X03br7ISU3FeKk8fax4CFQAAAAM,model-and-actor,34
X03br7ISU3FeKk8fax4CFQAAAAM,person,41
X03rJ0s3P1Uz4qsyscnMGgAAAAI,ceo,9
X03rJ0s3P1Uz4qsyscnMGgAAAAI,person,18
X03rJ0s3P1Uz4qsyscnMGgAAAAI,location,13
X03nY6GoSGJqu318jj8NQwAAAAM,good-omen,19
X03nY6GoSGJqu318jj8NQwAAAAM,artwork-dark,14
X03nY6GoSGJqu318jj8NQwAAAAM,artwork-creative-h-and-m,8
X03nY6GoSGJqu318jj8NQwAAAAM,evil-omen,8
X03nY6GoSGJqu318jj8NQwAAAAM,portrait-strong,13
X03br7ISU3FeKk8fax4CFQAAAAM,musician,13
X03br7ISU3FeKk8fax4CFQAAAAM,model-and-actor,5
X03br7ISU3FeKk8fax4CFQAAAAM,ceo,13
X03br7ISU3FeKk8fax4CFQAAAAM,person,25
X03br7ISU3FeKk8fax4CFQAAAAM,model-and-actor,8
X03br7ISU3FeKk8fax4CFQAAAAM,musician,42
X03br7ISU3FeKk8fax4CFQAAAAM,ceo,3
X03br7ISU3FeKk8fax4CFQAAAAM,body,18
X03S0VgwpXadKz5ZaUteXAAAAAE,ceo,314
X03S0VgwpXadKz5ZaUteXAAAAAE,uniform,52
X03S0VgwpXadKz5ZaUteXAAAAAE,lookbook,79
X03S0VgwpXadKz5ZaUteXAAAAAE,product,36
X03S0VgwpXadKz5ZaUteXAAAAAE,kids,13
X03Otx1DB@fNZQHJabDeiQAAAAI,lookbook,32
X03Otx1DB@fNZQHJabDeiQAAAAI,ceo,10
X03MQbLHxQ0xW5VyIVuELAAAAAM,body,6
X03L8v9Z5wJAoJN7dIjc9gAAAAQ,bj,43
X03L8v9Z5wJAoJN7dIjc9gAAAAQ,body,34
X03L8v9Z5wJAoJN7dIjc9gAAAAQ,person,50
X03L8v9Z5wJAoJN7dIjc9gAAAAQ,body,42
X03L8v9Z5wJAoJN7dIjc9gAAAAQ,model-and-actor,13
X03L8v9Z5wJAoJN7dIjc9gAAAAQ,musician,33
X03L8v9Z5wJAoJN7dIjc9gAAAAQ,body,14
X03L8v9Z5wJAoJN7dIjc9gAAAAQ,seminude,33
X03Ltbp7M3fnVT9s731FgAAAAAA,uniform,132
X03Ltbp7M3fnVT9s731FgAAAAAA,lookbook,47
X03Ltbp7M3fnVT9s731FgAAAAAA,uniform,33
X00UKuxrrHwbYF0rQpo0TgAAAAA,body,0
X0zz9S4MK3Kh1b-2uaUKQgAAAAI,bj,0
X0zlewLA87rYJaXU21URvQAAAAQ,person,0
X0zjRVcI5t4ibP9F2xc1gwAAAAA,street,0
X0yzwXQdmIA@xfy9xJ@jSAAAAAI,model-and-actor,0
X0yqo6TFHpdSzZ8U@Zw2tAAAAAM,body,0
X0yigW319Zc4AbH4Kr9JUgAAAAM,lookbook,0
